(
	( "Aberdeen, SD Micro Area", "Aberdeen, SD Micro Area" ),
	( "Aberdeen, WA Micro Area", "Aberdeen, WA Micro Area" ),
	( "Abilene, TX Metro Area", "Abilene, TX Metro Area" ),
	( "Ada, OK Micro Area", "Ada, OK Micro Area" ),
	( "Adrian, MI Micro Area", "Adrian, MI Micro Area" ),
	( "Akron, OH Metro Area", "Akron, OH Metro Area" ),
	( "Alamogordo, NM Micro Area", "Alamogordo, NM Micro Area" ),
	( "Albany, GA Metro Area", "Albany, GA Metro Area" ),
	( "Albany-Lebanon, OR Metro Area", "Albany-Lebanon, OR Metro Area" ),
	( "Albany-Schenectady-Troy, NY Metro Area", "Albany-Schenectady-Troy, NY Metro Area" ),
	( "Albemarle, NC Micro Area", "Albemarle, NC Micro Area" ),
	( "Albert Lea, MN Micro Area", "Albert Lea, MN Micro Area" ),
	( "Albertville, AL Micro Area", "Albertville, AL Micro Area" ),
	( "Albuquerque, NM Metro Area", "Albuquerque, NM Metro Area" ),
	( "Alexander City, AL Micro Area", "Alexander City, AL Micro Area" ),
	( "Alexandria, LA Metro Area", "Alexandria, LA Metro Area" ),
	( "Alexandria, MN Micro Area", "Alexandria, MN Micro Area" ),
	( "Alice, TX Micro Area", "Alice, TX Micro Area" ),
	( "Allentown-Bethlehem-Easton, PA-NJ Metro Area", "Allentown-Bethlehem-Easton, PA-NJ Metro Area" ),
	( "Alma, MI Micro Area", "Alma, MI Micro Area" ),
	( "Alpena, MI Micro Area", "Alpena, MI Micro Area" ),
	( "Altoona, PA Metro Area", "Altoona, PA Metro Area" ),
	( "Altus, OK Micro Area", "Altus, OK Micro Area" ),
	( "Amarillo, TX Metro Area", "Amarillo, TX Metro Area" ),
	( "Americus, GA Micro Area", "Americus, GA Micro Area" ),
	( "Ames, IA Metro Area", "Ames, IA Metro Area" ),
	( "Amsterdam, NY Micro Area", "Amsterdam, NY Micro Area" ),
	( "Anchorage, AK Metro Area", "Anchorage, AK Metro Area" ),
	( "Andrews, TX Micro Area", "Andrews, TX Micro Area" ),
	( "Angola, IN Micro Area", "Angola, IN Micro Area" ),
	( "Ann Arbor, MI Metro Area", "Ann Arbor, MI Metro Area" ),
	( "Anniston-Oxford, AL Metro Area", "Anniston-Oxford, AL Metro Area" ),
	( "Appleton, WI Metro Area", "Appleton, WI Metro Area" ),
	( "Arcadia, FL Micro Area", "Arcadia, FL Micro Area" ),
	( "Ardmore, OK Micro Area", "Ardmore, OK Micro Area" ),
	( "Arkadelphia, AR Micro Area", "Arkadelphia, AR Micro Area" ),
	( "Asheville, NC Metro Area", "Asheville, NC Metro Area" ),
	( "Ashland, OH Micro Area", "Ashland, OH Micro Area" ),
	( "Ashtabula, OH Micro Area", "Ashtabula, OH Micro Area" ),
	( "Astoria, OR Micro Area", "Astoria, OR Micro Area" ),
	( "Atchison, KS Micro Area", "Atchison, KS Micro Area" ),
	( "Athens, OH Micro Area", "Athens, OH Micro Area" ),
	( "Athens, TN Micro Area", "Athens, TN Micro Area" ),
	( "Athens, TX Micro Area", "Athens, TX Micro Area" ),
	( "Athens-Clarke County, GA Metro Area", "Athens-Clarke County, GA Metro Area" ),
	( "Atlanta-Sandy Springs-Alpharetta, GA Metro Area", "Atlanta-Sandy Springs-Alpharetta, GA Metro Area" ),
	( "Atlantic City-Hammonton, NJ Metro Area", "Atlantic City-Hammonton, NJ Metro Area" ),
	( "Atmore, AL Micro Area", "Atmore, AL Micro Area" ),
	( "Auburn, IN Micro Area", "Auburn, IN Micro Area" ),
	( "Auburn, NY Micro Area", "Auburn, NY Micro Area" ),
	( "Auburn-Opelika, AL Metro Area", "Auburn-Opelika, AL Metro Area" ),
	( "Augusta-Richmond County, GA-SC Metro Area", "Augusta-Richmond County, GA-SC Metro Area" ),
	( "Augusta-Waterville, ME Micro Area", "Augusta-Waterville, ME Micro Area" ),
	( "Austin, MN Micro Area", "Austin, MN Micro Area" ),
	( "Austin-Round Rock-Georgetown, TX Metro Area", "Austin-Round Rock-Georgetown, TX Metro Area" ),
	( "Bainbridge, GA Micro Area", "Bainbridge, GA Micro Area" ),
	( "Bakersfield, CA Metro Area", "Bakersfield, CA Metro Area" ),
	( "Baltimore-Columbia-Towson, MD Metro Area", "Baltimore-Columbia-Towson, MD Metro Area" ),
	( "Bangor, ME Metro Area", "Bangor, ME Metro Area" ),
	( "Baraboo, WI Micro Area", "Baraboo, WI Micro Area" ),
	( "Bardstown, KY Micro Area", "Bardstown, KY Micro Area" ),
	( "Barnstable Town, MA Metro Area", "Barnstable Town, MA Metro Area" ),
	( "Barre, VT Micro Area", "Barre, VT Micro Area" ),
	( "Bartlesville, OK Micro Area", "Bartlesville, OK Micro Area" ),
	( "Batavia, NY Micro Area", "Batavia, NY Micro Area" ),
	( "Batesville, AR Micro Area", "Batesville, AR Micro Area" ),
	( "Baton Rouge, LA Metro Area", "Baton Rouge, LA Metro Area" ),
	( "Battle Creek, MI Metro Area", "Battle Creek, MI Metro Area" ),
	( "Bay City, MI Metro Area", "Bay City, MI Metro Area" ),
	( "Bay City, TX Micro Area", "Bay City, TX Micro Area" ),
	( "Beatrice, NE Micro Area", "Beatrice, NE Micro Area" ),
	( "Beaumont-Port Arthur, TX Metro Area", "Beaumont-Port Arthur, TX Metro Area" ),
	( "Beaver Dam, WI Micro Area", "Beaver Dam, WI Micro Area" ),
	( "Beckley, WV Metro Area", "Beckley, WV Metro Area" ),
	( "Bedford, IN Micro Area", "Bedford, IN Micro Area" ),
	( "Beeville, TX Micro Area", "Beeville, TX Micro Area" ),
	( "Bellefontaine, OH Micro Area", "Bellefontaine, OH Micro Area" ),
	( "Bellingham, WA Metro Area", "Bellingham, WA Metro Area" ),
	( "Bemidji, MN Micro Area", "Bemidji, MN Micro Area" ),
	( "Bend, OR Metro Area", "Bend, OR Metro Area" ),
	( "Bennettsville, SC Micro Area", "Bennettsville, SC Micro Area" ),
	( "Bennington, VT Micro Area", "Bennington, VT Micro Area" ),
	( "Berlin, NH Micro Area", "Berlin, NH Micro Area" ),
	( "Big Rapids, MI Micro Area", "Big Rapids, MI Micro Area" ),
	( "Big Spring, TX Micro Area", "Big Spring, TX Micro Area" ),
	( "Big Stone Gap, VA Micro Area", "Big Stone Gap, VA Micro Area" ),
	( "Billings, MT Metro Area", "Billings, MT Metro Area" ),
	( "Binghamton, NY Metro Area", "Binghamton, NY Metro Area" ),
	( "Birmingham-Hoover, AL Metro Area", "Birmingham-Hoover, AL Metro Area" ),
	( "Bismarck, ND Metro Area", "Bismarck, ND Metro Area" ),
	( "Blackfoot, ID Micro Area", "Blackfoot, ID Micro Area" ),
	( "Blacksburg-Christiansburg, VA Metro Area", "Blacksburg-Christiansburg, VA Metro Area" ),
	( "Bloomington, IL Metro Area", "Bloomington, IL Metro Area" ),
	( "Bloomington, IN Metro Area", "Bloomington, IN Metro Area" ),
	( "Bloomsburg-Berwick, PA Metro Area", "Bloomsburg-Berwick, PA Metro Area" ),
	( "Bluefield, WV-VA Micro Area", "Bluefield, WV-VA Micro Area" ),
	( "Bluffton, IN Micro Area", "Bluffton, IN Micro Area" ),
	( "Blytheville, AR Micro Area", "Blytheville, AR Micro Area" ),
	( "Bogalusa, LA Micro Area", "Bogalusa, LA Micro Area" ),
	( "Boise City, ID Metro Area", "Boise City, ID Metro Area" ),
	( "Bonham, TX Micro Area", "Bonham, TX Micro Area" ),
	( "Boone, NC Micro Area", "Boone, NC Micro Area" ),
	( "Borger, TX Micro Area", "Borger, TX Micro Area" ),
	( "Boston-Cambridge-Newton, MA-NH Metro Area", "Boston-Cambridge-Newton, MA-NH Metro Area" ),
	( "Boulder, CO Metro Area", "Boulder, CO Metro Area" ),
	( "Bowling Green, KY Metro Area", "Bowling Green, KY Metro Area" ),
	( "Bozeman, MT Micro Area", "Bozeman, MT Micro Area" ),
	( "Bradford, PA Micro Area", "Bradford, PA Micro Area" ),
	( "Brainerd, MN Micro Area", "Brainerd, MN Micro Area" ),
	( "Branson, MO Micro Area", "Branson, MO Micro Area" ),
	( "Breckenridge, CO Micro Area", "Breckenridge, CO Micro Area" ),
	( "Bremerton-Silverdale-Port Orchard, WA Metro Area", "Bremerton-Silverdale-Port Orchard, WA Metro Area" ),
	( "Brenham, TX Micro Area", "Brenham, TX Micro Area" ),
	( "Brevard, NC Micro Area", "Brevard, NC Micro Area" ),
	( "Bridgeport-Stamford-Norwalk, CT Metro Area", "Bridgeport-Stamford-Norwalk, CT Metro Area" ),
	( "Brookhaven, MS Micro Area", "Brookhaven, MS Micro Area" ),
	( "Brookings, OR Micro Area", "Brookings, OR Micro Area" ),
	( "Brookings, SD Micro Area", "Brookings, SD Micro Area" ),
	( "Brownsville, TN Micro Area", "Brownsville, TN Micro Area" ),
	( "Brownsville-Harlingen, TX Metro Area", "Brownsville-Harlingen, TX Metro Area" ),
	( "Brownwood, TX Micro Area", "Brownwood, TX Micro Area" ),
	( "Brunswick, GA Metro Area", "Brunswick, GA Metro Area" ),
	( "Bucyrus-Galion, OH Micro Area", "Bucyrus-Galion, OH Micro Area" ),
	( "Buffalo-Cheektowaga, NY Metro Area", "Buffalo-Cheektowaga, NY Metro Area" ),
	( "Burley, ID Micro Area", "Burley, ID Micro Area" ),
	( "Burlington, IA-IL Micro Area", "Burlington, IA-IL Micro Area" ),
	( "Burlington, NC Metro Area", "Burlington, NC Metro Area" ),
	( "Burlington-South Burlington, VT Metro Area", "Burlington-South Burlington, VT Metro Area" ),
	( "Butte-Silver Bow, MT Micro Area", "Butte-Silver Bow, MT Micro Area" ),
	( "Cadillac, MI Micro Area", "Cadillac, MI Micro Area" ),
	( "Calhoun, GA Micro Area", "Calhoun, GA Micro Area" ),
	( "California-Lexington Park, MD Metro Area", "California-Lexington Park, MD Metro Area" ),
	( "Cambridge, MD Micro Area", "Cambridge, MD Micro Area" ),
	( "Cambridge, OH Micro Area", "Cambridge, OH Micro Area" ),
	( "Camden, AR Micro Area", "Camden, AR Micro Area" ),
	( "Campbellsville, KY Micro Area", "Campbellsville, KY Micro Area" ),
	( "Canton-Massillon, OH Metro Area", "Canton-Massillon, OH Metro Area" ),
	( "Cape Coral-Fort Myers, FL Metro Area", "Cape Coral-Fort Myers, FL Metro Area" ),
	( "Cape Girardeau, MO-IL Metro Area", "Cape Girardeau, MO-IL Metro Area" ),
	( "Carbondale-Marion, IL Metro Area", "Carbondale-Marion, IL Metro Area" ),
	( "Carlsbad-Artesia, NM Micro Area", "Carlsbad-Artesia, NM Micro Area" ),
	( "Carroll, IA Micro Area", "Carroll, IA Micro Area" ),
	( "Carson City, NV Metro Area", "Carson City, NV Metro Area" ),
	( "Casper, WY Metro Area", "Casper, WY Metro Area" ),
	( "Ca単on City, CO Micro Area", "Ca単on City, CO Micro Area" ),
	( "Cedar City, UT Micro Area", "Cedar City, UT Micro Area" ),
	( "Cedar Rapids, IA Metro Area", "Cedar Rapids, IA Metro Area" ),
	( "Cedartown, GA Micro Area", "Cedartown, GA Micro Area" ),
	( "Celina, OH Micro Area", "Celina, OH Micro Area" ),
	( "Central City, KY Micro Area", "Central City, KY Micro Area" ),
	( "Centralia, IL Micro Area", "Centralia, IL Micro Area" ),
	( "Centralia, WA Micro Area", "Centralia, WA Micro Area" ),
	( "Chambersburg-Waynesboro, PA Metro Area", "Chambersburg-Waynesboro, PA Metro Area" ),
	( "Champaign-Urbana, IL Metro Area", "Champaign-Urbana, IL Metro Area" ),
	( "Charleston, WV Metro Area", "Charleston, WV Metro Area" ),
	( "Charleston-Mattoon, IL Micro Area", "Charleston-Mattoon, IL Micro Area" ),
	( "Charleston-North Charleston, SC Metro Area", "Charleston-North Charleston, SC Metro Area" ),
	( "Charlotte-Concord-Gastonia, NC-SC Metro Area", "Charlotte-Concord-Gastonia, NC-SC Metro Area" ),
	( "Charlottesville, VA Metro Area", "Charlottesville, VA Metro Area" ),
	( "Chattanooga, TN-GA Metro Area", "Chattanooga, TN-GA Metro Area" ),
	( "Cheyenne, WY Metro Area", "Cheyenne, WY Metro Area" ),
	( "Chicago-Naperville-Elgin, IL-IN-WI Metro Area", "Chicago-Naperville-Elgin, IL-IN-WI Metro Area" ),
	( "Chico, CA Metro Area", "Chico, CA Metro Area" ),
	( "Chillicothe, OH Micro Area", "Chillicothe, OH Micro Area" ),
	( "Cincinnati, OH-KY-IN Metro Area", "Cincinnati, OH-KY-IN Metro Area" ),
	( "Clarksburg, WV Micro Area", "Clarksburg, WV Micro Area" ),
	( "Clarksdale, MS Micro Area", "Clarksdale, MS Micro Area" ),
	( "Clarksville, TN-KY Metro Area", "Clarksville, TN-KY Metro Area" ),
	( "Clearlake, CA Micro Area", "Clearlake, CA Micro Area" ),
	( "Cleveland, MS Micro Area", "Cleveland, MS Micro Area" ),
	( "Cleveland, TN Metro Area", "Cleveland, TN Metro Area" ),
	( "Cleveland-Elyria, OH Metro Area", "Cleveland-Elyria, OH Metro Area" ),
	( "Clewiston, FL Micro Area", "Clewiston, FL Micro Area" ),
	( "Clinton, IA Micro Area", "Clinton, IA Micro Area" ),
	( "Clovis, NM Micro Area", "Clovis, NM Micro Area" ),
	( "Coeur d'Alene, ID Metro Area", "Coeur d'Alene, ID Metro Area" ),
	( "Coffeyville, KS Micro Area", "Coffeyville, KS Micro Area" ),
	( "Coldwater, MI Micro Area", "Coldwater, MI Micro Area" ),
	( "College Station-Bryan, TX Metro Area", "College Station-Bryan, TX Metro Area" ),
	( "Colorado Springs, CO Metro Area", "Colorado Springs, CO Metro Area" ),
	( "Columbia, MO Metro Area", "Columbia, MO Metro Area" ),
	( "Columbia, SC Metro Area", "Columbia, SC Metro Area" ),
	( "Columbus, GA-AL Metro Area", "Columbus, GA-AL Metro Area" ),
	( "Columbus, IN Metro Area", "Columbus, IN Metro Area" ),
	( "Columbus, MS Micro Area", "Columbus, MS Micro Area" ),
	( "Columbus, NE Micro Area", "Columbus, NE Micro Area" ),
	( "Columbus, OH Metro Area", "Columbus, OH Metro Area" ),
	( "Concord, NH Micro Area", "Concord, NH Micro Area" ),
	( "Connersville, IN Micro Area", "Connersville, IN Micro Area" ),
	( "Cookeville, TN Micro Area", "Cookeville, TN Micro Area" ),
	( "Coos Bay, OR Micro Area", "Coos Bay, OR Micro Area" ),
	( "Cordele, GA Micro Area", "Cordele, GA Micro Area" ),
	( "Corinth, MS Micro Area", "Corinth, MS Micro Area" ),
	( "Cornelia, GA Micro Area", "Cornelia, GA Micro Area" ),
	( "Corning, NY Micro Area", "Corning, NY Micro Area" ),
	( "Corpus Christi, TX Metro Area", "Corpus Christi, TX Metro Area" ),
	( "Corsicana, TX Micro Area", "Corsicana, TX Micro Area" ),
	( "Cortland, NY Micro Area", "Cortland, NY Micro Area" ),
	( "Corvallis, OR Metro Area", "Corvallis, OR Metro Area" ),
	( "Coshocton, OH Micro Area", "Coshocton, OH Micro Area" ),
	( "Craig, CO Micro Area", "Craig, CO Micro Area" ),
	( "Crawfordsville, IN Micro Area", "Crawfordsville, IN Micro Area" ),
	( "Crescent City, CA Micro Area", "Crescent City, CA Micro Area" ),
	( "Crestview-Fort Walton Beach-Destin, FL Metro Area", "Crestview-Fort Walton Beach-Destin, FL Metro Area" ),
	( "Crossville, TN Micro Area", "Crossville, TN Micro Area" ),
	( "Cullman, AL Micro Area", "Cullman, AL Micro Area" ),
	( "Cullowhee, NC Micro Area", "Cullowhee, NC Micro Area" ),
	( "Cumberland, MD-WV Metro Area", "Cumberland, MD-WV Metro Area" ),
	( "Dallas-Fort Worth-Arlington, TX Metro Area", "Dallas-Fort Worth-Arlington, TX Metro Area" ),
	( "Dalton, GA Metro Area", "Dalton, GA Metro Area" ),
	( "Danville, IL Metro Area", "Danville, IL Metro Area" ),
	( "Danville, KY Micro Area", "Danville, KY Micro Area" ),
	( "Danville, VA Micro Area", "Danville, VA Micro Area" ),
	( "Daphne-Fairhope-Foley, AL Metro Area", "Daphne-Fairhope-Foley, AL Metro Area" ),
	( "Davenport-Moline-Rock Island, IA-IL Metro Area", "Davenport-Moline-Rock Island, IA-IL Metro Area" ),
	( "Dayton, TN Micro Area", "Dayton, TN Micro Area" ),
	( "Dayton-Kettering, OH Metro Area", "Dayton-Kettering, OH Metro Area" ),
	( "DeRidder, LA Micro Area", "DeRidder, LA Micro Area" ),
	( "Decatur, AL Metro Area", "Decatur, AL Metro Area" ),
	( "Decatur, IL Metro Area", "Decatur, IL Metro Area" ),
	( "Decatur, IN Micro Area", "Decatur, IN Micro Area" ),
	( "Defiance, OH Micro Area", "Defiance, OH Micro Area" ),
	( "Del Rio, TX Micro Area", "Del Rio, TX Micro Area" ),
	( "Deltona-Daytona Beach-Ormond Beach, FL Metro Area", "Deltona-Daytona Beach-Ormond Beach, FL Metro Area" ),
	( "Deming, NM Micro Area", "Deming, NM Micro Area" ),
	( "Denver-Aurora-Lakewood, CO Metro Area", "Denver-Aurora-Lakewood, CO Metro Area" ),
	( "Des Moines-West Des Moines, IA Metro Area", "Des Moines-West Des Moines, IA Metro Area" ),
	( "Detroit-Warren-Dearborn, MI Metro Area", "Detroit-Warren-Dearborn, MI Metro Area" ),
	( "Dickinson, ND Micro Area", "Dickinson, ND Micro Area" ),
	( "Dixon, IL Micro Area", "Dixon, IL Micro Area" ),
	( "Dodge City, KS Micro Area", "Dodge City, KS Micro Area" ),
	( "Dothan, AL Metro Area", "Dothan, AL Metro Area" ),
	( "Douglas, GA Micro Area", "Douglas, GA Micro Area" ),
	( "Dover, DE Metro Area", "Dover, DE Metro Area" ),
	( "DuBois, PA Micro Area", "DuBois, PA Micro Area" ),
	( "Dublin, GA Micro Area", "Dublin, GA Micro Area" ),
	( "Dubuque, IA Metro Area", "Dubuque, IA Metro Area" ),
	( "Duluth, MN-WI Metro Area", "Duluth, MN-WI Metro Area" ),
	( "Dumas, TX Micro Area", "Dumas, TX Micro Area" ),
	( "Duncan, OK Micro Area", "Duncan, OK Micro Area" ),
	( "Durango, CO Micro Area", "Durango, CO Micro Area" ),
	( "Durant, OK Micro Area", "Durant, OK Micro Area" ),
	( "Durham-Chapel Hill, NC Metro Area", "Durham-Chapel Hill, NC Metro Area" ),
	( "Dyersburg, TN Micro Area", "Dyersburg, TN Micro Area" ),
	( "Eagle Pass, TX Micro Area", "Eagle Pass, TX Micro Area" ),
	( "East Stroudsburg, PA Metro Area", "East Stroudsburg, PA Metro Area" ),
	( "Easton, MD Micro Area", "Easton, MD Micro Area" ),
	( "Eau Claire, WI Metro Area", "Eau Claire, WI Metro Area" ),
	( "Edwards, CO Micro Area", "Edwards, CO Micro Area" ),
	( "Effingham, IL Micro Area", "Effingham, IL Micro Area" ),
	( "El Campo, TX Micro Area", "El Campo, TX Micro Area" ),
	( "El Centro, CA Metro Area", "El Centro, CA Metro Area" ),
	( "El Dorado, AR Micro Area", "El Dorado, AR Micro Area" ),
	( "El Paso, TX Metro Area", "El Paso, TX Metro Area" ),
	( "Elizabeth City, NC Micro Area", "Elizabeth City, NC Micro Area" ),
	( "Elizabethtown-Fort Knox, KY Metro Area", "Elizabethtown-Fort Knox, KY Metro Area" ),
	( "Elk City, OK Micro Area", "Elk City, OK Micro Area" ),
	( "Elkhart-Goshen, IN Metro Area", "Elkhart-Goshen, IN Metro Area" ),
	( "Elkins, WV Micro Area", "Elkins, WV Micro Area" ),
	( "Elko, NV Micro Area", "Elko, NV Micro Area" ),
	( "Ellensburg, WA Micro Area", "Ellensburg, WA Micro Area" ),
	( "Elmira, NY Metro Area", "Elmira, NY Metro Area" ),
	( "Emporia, KS Micro Area", "Emporia, KS Micro Area" ),
	( "Enid, OK Metro Area", "Enid, OK Metro Area" ),
	( "Enterprise, AL Micro Area", "Enterprise, AL Micro Area" ),
	( "Erie, PA Metro Area", "Erie, PA Metro Area" ),
	( "Escanaba, MI Micro Area", "Escanaba, MI Micro Area" ),
	( "Espa単ola, NM Micro Area", "Espa単ola, NM Micro Area" ),
	( "Eufaula, AL-GA Micro Area", "Eufaula, AL-GA Micro Area" ),
	( "Eugene-Springfield, OR Metro Area", "Eugene-Springfield, OR Metro Area" ),
	( "Eureka-Arcata, CA Micro Area", "Eureka-Arcata, CA Micro Area" ),
	( "Evanston, WY Micro Area", "Evanston, WY Micro Area" ),
	( "Evansville, IN-KY Metro Area", "Evansville, IN-KY Metro Area" ),
	( "Fairbanks, AK Metro Area", "Fairbanks, AK Metro Area" ),
	( "Fairfield, IA Micro Area", "Fairfield, IA Micro Area" ),
	( "Fairmont, MN Micro Area", "Fairmont, MN Micro Area" ),
	( "Fairmont, WV Micro Area", "Fairmont, WV Micro Area" ),
	( "Fallon, NV Micro Area", "Fallon, NV Micro Area" ),
	( "Fargo, ND-MN Metro Area", "Fargo, ND-MN Metro Area" ),
	( "Faribault-Northfield, MN Micro Area", "Faribault-Northfield, MN Micro Area" ),
	( "Farmington, MO Micro Area", "Farmington, MO Micro Area" ),
	( "Farmington, NM Metro Area", "Farmington, NM Metro Area" ),
	( "Fayetteville, NC Metro Area", "Fayetteville, NC Metro Area" ),
	( "Fayetteville-Springdale-Rogers, AR Metro Area", "Fayetteville-Springdale-Rogers, AR Metro Area" ),
	( "Fergus Falls, MN Micro Area", "Fergus Falls, MN Micro Area" ),
	( "Fernley, NV Micro Area", "Fernley, NV Micro Area" ),
	( "Findlay, OH Micro Area", "Findlay, OH Micro Area" ),
	( "Fitzgerald, GA Micro Area", "Fitzgerald, GA Micro Area" ),
	( "Flagstaff, AZ Metro Area", "Flagstaff, AZ Metro Area" ),
	( "Flint, MI Metro Area", "Flint, MI Metro Area" ),
	( "Florence, SC Metro Area", "Florence, SC Metro Area" ),
	( "Florence-Muscle Shoals, AL Metro Area", "Florence-Muscle Shoals, AL Metro Area" ),
	( "Fond du Lac, WI Metro Area", "Fond du Lac, WI Metro Area" ),
	( "Forest City, NC Micro Area", "Forest City, NC Micro Area" ),
	( "Forrest City, AR Micro Area", "Forrest City, AR Micro Area" ),
	( "Fort Collins, CO Metro Area", "Fort Collins, CO Metro Area" ),
	( "Fort Dodge, IA Micro Area", "Fort Dodge, IA Micro Area" ),
	( "Fort Leonard Wood, MO Micro Area", "Fort Leonard Wood, MO Micro Area" ),
	( "Fort Madison-Keokuk, IA-IL-MO Micro Area", "Fort Madison-Keokuk, IA-IL-MO Micro Area" ),
	( "Fort Morgan, CO Micro Area", "Fort Morgan, CO Micro Area" ),
	( "Fort Payne, AL Micro Area", "Fort Payne, AL Micro Area" ),
	( "Fort Polk South, LA Micro Area", "Fort Polk South, LA Micro Area" ),
	( "Fort Smith, AR-OK Metro Area", "Fort Smith, AR-OK Metro Area" ),
	( "Fort Wayne, IN Metro Area", "Fort Wayne, IN Metro Area" ),
	( "Frankfort, IN Micro Area", "Frankfort, IN Micro Area" ),
	( "Frankfort, KY Micro Area", "Frankfort, KY Micro Area" ),
	( "Fredericksburg, TX Micro Area", "Fredericksburg, TX Micro Area" ),
	( "Freeport, IL Micro Area", "Freeport, IL Micro Area" ),
	( "Fremont, NE Micro Area", "Fremont, NE Micro Area" ),
	( "Fremont, OH Micro Area", "Fremont, OH Micro Area" ),
	( "Fresno, CA Metro Area", "Fresno, CA Metro Area" ),
	( "Gadsden, AL Metro Area", "Gadsden, AL Metro Area" ),
	( "Gaffney, SC Micro Area", "Gaffney, SC Micro Area" ),
	( "Gainesville, FL Metro Area", "Gainesville, FL Metro Area" ),
	( "Gainesville, GA Metro Area", "Gainesville, GA Metro Area" ),
	( "Gainesville, TX Micro Area", "Gainesville, TX Micro Area" ),
	( "Galesburg, IL Micro Area", "Galesburg, IL Micro Area" ),
	( "Gallup, NM Micro Area", "Gallup, NM Micro Area" ),
	( "Garden City, KS Micro Area", "Garden City, KS Micro Area" ),
	( "Gardnerville Ranchos, NV Micro Area", "Gardnerville Ranchos, NV Micro Area" ),
	( "Georgetown, SC Micro Area", "Georgetown, SC Micro Area" ),
	( "Gettysburg, PA Metro Area", "Gettysburg, PA Metro Area" ),
	( "Gillette, WY Micro Area", "Gillette, WY Micro Area" ),
	( "Glasgow, KY Micro Area", "Glasgow, KY Micro Area" ),
	( "Glens Falls, NY Metro Area", "Glens Falls, NY Metro Area" ),
	( "Glenwood Springs, CO Micro Area", "Glenwood Springs, CO Micro Area" ),
	( "Gloversville, NY Micro Area", "Gloversville, NY Micro Area" ),
	( "Goldsboro, NC Metro Area", "Goldsboro, NC Metro Area" ),
	( "Granbury, TX Micro Area", "Granbury, TX Micro Area" ),
	( "Grand Forks, ND-MN Metro Area", "Grand Forks, ND-MN Metro Area" ),
	( "Grand Island, NE Metro Area", "Grand Island, NE Metro Area" ),
	( "Grand Junction, CO Metro Area", "Grand Junction, CO Metro Area" ),
	( "Grand Rapids, MN Micro Area", "Grand Rapids, MN Micro Area" ),
	( "Grand Rapids-Kentwood, MI Metro Area", "Grand Rapids-Kentwood, MI Metro Area" ),
	( "Grants Pass, OR Metro Area", "Grants Pass, OR Metro Area" ),
	( "Grants, NM Micro Area", "Grants, NM Micro Area" ),
	( "Great Bend, KS Micro Area", "Great Bend, KS Micro Area" ),
	( "Great Falls, MT Metro Area", "Great Falls, MT Metro Area" ),
	( "Greeley, CO Metro Area", "Greeley, CO Metro Area" ),
	( "Green Bay, WI Metro Area", "Green Bay, WI Metro Area" ),
	( "Greeneville, TN Micro Area", "Greeneville, TN Micro Area" ),
	( "Greensboro-High Point, NC Metro Area", "Greensboro-High Point, NC Metro Area" ),
	( "Greensburg, IN Micro Area", "Greensburg, IN Micro Area" ),
	( "Greenville, MS Micro Area", "Greenville, MS Micro Area" ),
	( "Greenville, NC Metro Area", "Greenville, NC Metro Area" ),
	( "Greenville, OH Micro Area", "Greenville, OH Micro Area" ),
	( "Greenville-Anderson, SC Metro Area", "Greenville-Anderson, SC Metro Area" ),
	( "Greenwood, MS Micro Area", "Greenwood, MS Micro Area" ),
	( "Greenwood, SC Micro Area", "Greenwood, SC Micro Area" ),
	( "Grenada, MS Micro Area", "Grenada, MS Micro Area" ),
	( "Gulfport-Biloxi, MS Metro Area", "Gulfport-Biloxi, MS Metro Area" ),
	( "Guymon, OK Micro Area", "Guymon, OK Micro Area" ),
	( "Hagerstown-Martinsburg, MD-WV Metro Area", "Hagerstown-Martinsburg, MD-WV Metro Area" ),
	( "Hailey, ID Micro Area", "Hailey, ID Micro Area" ),
	( "Hammond, LA Metro Area", "Hammond, LA Metro Area" ),
	( "Hanford-Corcoran, CA Metro Area", "Hanford-Corcoran, CA Metro Area" ),
	( "Hannibal, MO Micro Area", "Hannibal, MO Micro Area" ),
	( "Harrisburg-Carlisle, PA Metro Area", "Harrisburg-Carlisle, PA Metro Area" ),
	( "Harrison, AR Micro Area", "Harrison, AR Micro Area" ),
	( "Harrisonburg, VA Metro Area", "Harrisonburg, VA Metro Area" ),
	( "Hartford-East Hartford-Middletown, CT Metro Area", "Hartford-East Hartford-Middletown, CT Metro Area" ),
	( "Hastings, NE Micro Area", "Hastings, NE Micro Area" ),
	( "Hattiesburg, MS Metro Area", "Hattiesburg, MS Metro Area" ),
	( "Hays, KS Micro Area", "Hays, KS Micro Area" ),
	( "Heber, UT Micro Area", "Heber, UT Micro Area" ),
	( "Helena, MT Micro Area", "Helena, MT Micro Area" ),
	( "Helena-West Helena, AR Micro Area", "Helena-West Helena, AR Micro Area" ),
	( "Henderson, NC Micro Area", "Henderson, NC Micro Area" ),
	( "Hereford, TX Micro Area", "Hereford, TX Micro Area" ),
	( "Hermiston-Pendleton, OR Micro Area", "Hermiston-Pendleton, OR Micro Area" ),
	( "Hickory-Lenoir-Morganton, NC Metro Area", "Hickory-Lenoir-Morganton, NC Metro Area" ),
	( "Hillsdale, MI Micro Area", "Hillsdale, MI Micro Area" ),
	( "Hilo, HI Micro Area", "Hilo, HI Micro Area" ),
	( "Hilton Head Island-Bluffton, SC Metro Area", "Hilton Head Island-Bluffton, SC Metro Area" ),
	( "Hinesville, GA Metro Area", "Hinesville, GA Metro Area" ),
	( "Hobbs, NM Micro Area", "Hobbs, NM Micro Area" ),
	( "Holland, MI Micro Area", "Holland, MI Micro Area" ),
	( "Homosassa Springs, FL Metro Area", "Homosassa Springs, FL Metro Area" ),
	( "Hood River, OR Micro Area", "Hood River, OR Micro Area" ),
	( "Hope, AR Micro Area", "Hope, AR Micro Area" ),
	( "Hot Springs, AR Metro Area", "Hot Springs, AR Metro Area" ),
	( "Houghton, MI Micro Area", "Houghton, MI Micro Area" ),
	( "Houma-Thibodaux, LA Metro Area", "Houma-Thibodaux, LA Metro Area" ),
	( "Houston-The Woodlands-Sugar Land, TX Metro Area", "Houston-The Woodlands-Sugar Land, TX Metro Area" ),
	( "Hudson, NY Micro Area", "Hudson, NY Micro Area" ),
	( "Huntingdon, PA Micro Area", "Huntingdon, PA Micro Area" ),
	( "Huntington, IN Micro Area", "Huntington, IN Micro Area" ),
	( "Huntington-Ashland, WV-KY-OH Metro Area", "Huntington-Ashland, WV-KY-OH Metro Area" ),
	( "Huntsville, AL Metro Area", "Huntsville, AL Metro Area" ),
	( "Huntsville, TX Micro Area", "Huntsville, TX Micro Area" ),
	( "Huron, SD Micro Area", "Huron, SD Micro Area" ),
	( "Hutchinson, KS Micro Area", "Hutchinson, KS Micro Area" ),
	( "Hutchinson, MN Micro Area", "Hutchinson, MN Micro Area" ),
	( "Idaho Falls, ID Metro Area", "Idaho Falls, ID Metro Area" ),
	( "Indiana, PA Micro Area", "Indiana, PA Micro Area" ),
	( "Indianapolis-Carmel-Anderson, IN Metro Area", "Indianapolis-Carmel-Anderson, IN Metro Area" ),
	( "Indianola, MS Micro Area", "Indianola, MS Micro Area" ),
	( "Iowa City, IA Metro Area", "Iowa City, IA Metro Area" ),
	( "Iron Mountain, MI-WI Micro Area", "Iron Mountain, MI-WI Micro Area" ),
	( "Ithaca, NY Metro Area", "Ithaca, NY Metro Area" ),
	( "Jackson, MI Metro Area", "Jackson, MI Metro Area" ),
	( "Jackson, MS Metro Area", "Jackson, MS Metro Area" ),
	( "Jackson, OH Micro Area", "Jackson, OH Micro Area" ),
	( "Jackson, TN Metro Area", "Jackson, TN Metro Area" ),
	( "Jackson, WY-ID Micro Area", "Jackson, WY-ID Micro Area" ),
	( "Jacksonville, FL Metro Area", "Jacksonville, FL Metro Area" ),
	( "Jacksonville, IL Micro Area", "Jacksonville, IL Micro Area" ),
	( "Jacksonville, NC Metro Area", "Jacksonville, NC Metro Area" ),
	( "Jacksonville, TX Micro Area", "Jacksonville, TX Micro Area" ),
	( "Jamestown, ND Micro Area", "Jamestown, ND Micro Area" ),
	( "Jamestown-Dunkirk-Fredonia, NY Micro Area", "Jamestown-Dunkirk-Fredonia, NY Micro Area" ),
	( "Janesville-Beloit, WI Metro Area", "Janesville-Beloit, WI Metro Area" ),
	( "Jasper, AL Micro Area", "Jasper, AL Micro Area" ),
	( "Jasper, IN Micro Area", "Jasper, IN Micro Area" ),
	( "Jefferson City, MO Metro Area", "Jefferson City, MO Metro Area" ),
	( "Jefferson, GA Micro Area", "Jefferson, GA Micro Area" ),
	( "Jennings, LA Micro Area", "Jennings, LA Micro Area" ),
	( "Jesup, GA Micro Area", "Jesup, GA Micro Area" ),
	( "Johnson City, TN Metro Area", "Johnson City, TN Metro Area" ),
	( "Johnstown, PA Metro Area", "Johnstown, PA Metro Area" ),
	( "Jonesboro, AR Metro Area", "Jonesboro, AR Metro Area" ),
	( "Joplin, MO Metro Area", "Joplin, MO Metro Area" ),
	( "Juneau, AK Micro Area", "Juneau, AK Micro Area" ),
	( "Kahului-Wailuku-Lahaina, HI Metro Area", "Kahului-Wailuku-Lahaina, HI Metro Area" ),
	( "Kalamazoo-Portage, MI Metro Area", "Kalamazoo-Portage, MI Metro Area" ),
	( "Kalispell, MT Micro Area", "Kalispell, MT Micro Area" ),
	( "Kankakee, IL Metro Area", "Kankakee, IL Metro Area" ),
	( "Kansas City, MO-KS Metro Area", "Kansas City, MO-KS Metro Area" ),
	( "Kapaa, HI Micro Area", "Kapaa, HI Micro Area" ),
	( "Kearney, NE Micro Area", "Kearney, NE Micro Area" ),
	( "Keene, NH Micro Area", "Keene, NH Micro Area" ),
	( "Kendallville, IN Micro Area", "Kendallville, IN Micro Area" ),
	( "Kennett, MO Micro Area", "Kennett, MO Micro Area" ),
	( "Kennewick-Richland, WA Metro Area", "Kennewick-Richland, WA Metro Area" ),
	( "Kerrville, TX Micro Area", "Kerrville, TX Micro Area" ),
	( "Ketchikan, AK Micro Area", "Ketchikan, AK Micro Area" ),
	( "Key West, FL Micro Area", "Key West, FL Micro Area" ),
	( "Kill Devil Hills, NC Micro Area", "Kill Devil Hills, NC Micro Area" ),
	( "Killeen-Temple, TX Metro Area", "Killeen-Temple, TX Metro Area" ),
	( "Kingsport-Bristol, TN-VA Metro Area", "Kingsport-Bristol, TN-VA Metro Area" ),
	( "Kingston, NY Metro Area", "Kingston, NY Metro Area" ),
	( "Kingsville, TX Micro Area", "Kingsville, TX Micro Area" ),
	( "Kinston, NC Micro Area", "Kinston, NC Micro Area" ),
	( "Kirksville, MO Micro Area", "Kirksville, MO Micro Area" ),
	( "Klamath Falls, OR Micro Area", "Klamath Falls, OR Micro Area" ),
	( "Knoxville, TN Metro Area", "Knoxville, TN Metro Area" ),
	( "Kokomo, IN Metro Area", "Kokomo, IN Metro Area" ),
	( "La Crosse-Onalaska, WI-MN Metro Area", "La Crosse-Onalaska, WI-MN Metro Area" ),
	( "La Grande, OR Micro Area", "La Grande, OR Micro Area" ),
	( "LaGrange, GA-AL Micro Area", "LaGrange, GA-AL Micro Area" ),
	( "Laconia, NH Micro Area", "Laconia, NH Micro Area" ),
	( "Lafayette, LA Metro Area", "Lafayette, LA Metro Area" ),
	( "Lafayette-West Lafayette, IN Metro Area", "Lafayette-West Lafayette, IN Metro Area" ),
	( "Lake Charles, LA Metro Area", "Lake Charles, LA Metro Area" ),
	( "Lake City, FL Micro Area", "Lake City, FL Micro Area" ),
	( "Lake Havasu City-Kingman, AZ Metro Area", "Lake Havasu City-Kingman, AZ Metro Area" ),
	( "Lakeland-Winter Haven, FL Metro Area", "Lakeland-Winter Haven, FL Metro Area" ),
	( "Lamesa, TX Micro Area", "Lamesa, TX Micro Area" ),
	( "Lancaster, PA Metro Area", "Lancaster, PA Metro Area" ),
	( "Lansing-East Lansing, MI Metro Area", "Lansing-East Lansing, MI Metro Area" ),
	( "Laramie, WY Micro Area", "Laramie, WY Micro Area" ),
	( "Laredo, TX Metro Area", "Laredo, TX Metro Area" ),
	( "Las Cruces, NM Metro Area", "Las Cruces, NM Metro Area" ),
	( "Las Vegas, NM Micro Area", "Las Vegas, NM Micro Area" ),
	( "Las Vegas-Henderson-Paradise, NV Metro Area", "Las Vegas-Henderson-Paradise, NV Metro Area" ),
	( "Laurel, MS Micro Area", "Laurel, MS Micro Area" ),
	( "Laurinburg, NC Micro Area", "Laurinburg, NC Micro Area" ),
	( "Lawrence, KS Metro Area", "Lawrence, KS Metro Area" ),
	( "Lawrenceburg, TN Micro Area", "Lawrenceburg, TN Micro Area" ),
	( "Lawton, OK Metro Area", "Lawton, OK Metro Area" ),
	( "Lebanon, MO Micro Area", "Lebanon, MO Micro Area" ),
	( "Lebanon, NH-VT Micro Area", "Lebanon, NH-VT Micro Area" ),
	( "Lebanon, PA Metro Area", "Lebanon, PA Metro Area" ),
	( "Levelland, TX Micro Area", "Levelland, TX Micro Area" ),
	( "Lewisburg, PA Micro Area", "Lewisburg, PA Micro Area" ),
	( "Lewisburg, TN Micro Area", "Lewisburg, TN Micro Area" ),
	( "Lewiston, ID-WA Metro Area", "Lewiston, ID-WA Metro Area" ),
	( "Lewiston-Auburn, ME Metro Area", "Lewiston-Auburn, ME Metro Area" ),
	( "Lewistown, PA Micro Area", "Lewistown, PA Micro Area" ),
	( "Lexington, NE Micro Area", "Lexington, NE Micro Area" ),
	( "Lexington-Fayette, KY Metro Area", "Lexington-Fayette, KY Metro Area" ),
	( "Liberal, KS Micro Area", "Liberal, KS Micro Area" ),
	( "Lima, OH Metro Area", "Lima, OH Metro Area" ),
	( "Lincoln, IL Micro Area", "Lincoln, IL Micro Area" ),
	( "Lincoln, NE Metro Area", "Lincoln, NE Metro Area" ),
	( "Little Rock-North Little Rock-Conway, AR Metro Area", "Little Rock-North Little Rock-Conway, AR Metro Area" ),
	( "Lock Haven, PA Micro Area", "Lock Haven, PA Micro Area" ),
	( "Logan, UT-ID Metro Area", "Logan, UT-ID Metro Area" ),
	( "Logansport, IN Micro Area", "Logansport, IN Micro Area" ),
	( "London, KY Micro Area", "London, KY Micro Area" ),
	( "Longview, TX Metro Area", "Longview, TX Metro Area" ),
	( "Longview, WA Metro Area", "Longview, WA Metro Area" ),
	( "Los Alamos, NM Micro Area", "Los Alamos, NM Micro Area" ),
	( "Los Angeles-Long Beach-Anaheim, CA Metro Area", "Los Angeles-Long Beach-Anaheim, CA Metro Area" ),
	( "Louisville/Jefferson County, KY-IN Metro Area", "Louisville/Jefferson County, KY-IN Metro Area" ),
	( "Lubbock, TX Metro Area", "Lubbock, TX Metro Area" ),
	( "Ludington, MI Micro Area", "Ludington, MI Micro Area" ),
	( "Lufkin, TX Micro Area", "Lufkin, TX Micro Area" ),
	( "Lumberton, NC Micro Area", "Lumberton, NC Micro Area" ),
	( "Lynchburg, VA Metro Area", "Lynchburg, VA Metro Area" ),
	( "Macomb, IL Micro Area", "Macomb, IL Micro Area" ),
	( "Macon-Bibb County, GA Metro Area", "Macon-Bibb County, GA Metro Area" ),
	( "Madera, CA Metro Area", "Madera, CA Metro Area" ),
	( "Madison, IN Micro Area", "Madison, IN Micro Area" ),
	( "Madison, WI Metro Area", "Madison, WI Metro Area" ),
	( "Madisonville, KY Micro Area", "Madisonville, KY Micro Area" ),
	( "Magnolia, AR Micro Area", "Magnolia, AR Micro Area" ),
	( "Malone, NY Micro Area", "Malone, NY Micro Area" ),
	( "Malvern, AR Micro Area", "Malvern, AR Micro Area" ),
	( "Manchester-Nashua, NH Metro Area", "Manchester-Nashua, NH Metro Area" ),
	( "Manhattan, KS Metro Area", "Manhattan, KS Metro Area" ),
	( "Manitowoc, WI Micro Area", "Manitowoc, WI Micro Area" ),
	( "Mankato, MN Metro Area", "Mankato, MN Metro Area" ),
	( "Mansfield, OH Metro Area", "Mansfield, OH Metro Area" ),
	( "Marietta, OH Micro Area", "Marietta, OH Micro Area" ),
	( "Marinette, WI-MI Micro Area", "Marinette, WI-MI Micro Area" ),
	( "Marion, IN Micro Area", "Marion, IN Micro Area" ),
	( "Marion, NC Micro Area", "Marion, NC Micro Area" ),
	( "Marion, OH Micro Area", "Marion, OH Micro Area" ),
	( "Marquette, MI Micro Area", "Marquette, MI Micro Area" ),
	( "Marshall, MN Micro Area", "Marshall, MN Micro Area" ),
	( "Marshall, MO Micro Area", "Marshall, MO Micro Area" ),
	( "Marshalltown, IA Micro Area", "Marshalltown, IA Micro Area" ),
	( "Martin, TN Micro Area", "Martin, TN Micro Area" ),
	( "Martinsville, VA Micro Area", "Martinsville, VA Micro Area" ),
	( "Maryville, MO Micro Area", "Maryville, MO Micro Area" ),
	( "Mason City, IA Micro Area", "Mason City, IA Micro Area" ),
	( "Mayfield, KY Micro Area", "Mayfield, KY Micro Area" ),
	( "Maysville, KY Micro Area", "Maysville, KY Micro Area" ),
	( "McAlester, OK Micro Area", "McAlester, OK Micro Area" ),
	( "McAllen-Edinburg-Mission, TX Metro Area", "McAllen-Edinburg-Mission, TX Metro Area" ),
	( "McComb, MS Micro Area", "McComb, MS Micro Area" ),
	( "McMinnville, TN Micro Area", "McMinnville, TN Micro Area" ),
	( "McPherson, KS Micro Area", "McPherson, KS Micro Area" ),
	( "Meadville, PA Micro Area", "Meadville, PA Micro Area" ),
	( "Medford, OR Metro Area", "Medford, OR Metro Area" ),
	( "Memphis, TN-MS-AR Metro Area", "Memphis, TN-MS-AR Metro Area" ),
	( "Menomonie, WI Micro Area", "Menomonie, WI Micro Area" ),
	( "Merced, CA Metro Area", "Merced, CA Metro Area" ),
	( "Meridian, MS Micro Area", "Meridian, MS Micro Area" ),
	( "Metro Name", "Metro Name" ),
	( "Mexico, MO Micro Area", "Mexico, MO Micro Area" ),
	( "Miami, OK Micro Area", "Miami, OK Micro Area" ),
	( "Miami-Fort Lauderdale-Pompano Beach, FL Metro Area", "Miami-Fort Lauderdale-Pompano Beach, FL Metro Area" ),
	( "Michigan City-La Porte, IN Metro Area", "Michigan City-La Porte, IN Metro Area" ),
	( "Middlesborough, KY Micro Area", "Middlesborough, KY Micro Area" ),
	( "Midland, MI Metro Area", "Midland, MI Metro Area" ),
	( "Midland, TX Metro Area", "Midland, TX Metro Area" ),
	( "Milledgeville, GA Micro Area", "Milledgeville, GA Micro Area" ),
	( "Milwaukee-Waukesha, WI Metro Area", "Milwaukee-Waukesha, WI Metro Area" ),
	( "Minden, LA Micro Area", "Minden, LA Micro Area" ),
	( "Mineral Wells, TX Micro Area", "Mineral Wells, TX Micro Area" ),
	( "Minneapolis-St. Paul-Bloomington, MN-WI Metro Area", "Minneapolis-St. Paul-Bloomington, MN-WI Metro Area" ),
	( "Minot, ND Micro Area", "Minot, ND Micro Area" ),
	( "Missoula, MT Metro Area", "Missoula, MT Metro Area" ),
	( "Mitchell, SD Micro Area", "Mitchell, SD Micro Area" ),
	( "Moberly, MO Micro Area", "Moberly, MO Micro Area" ),
	( "Mobile, AL Metro Area", "Mobile, AL Metro Area" ),
	( "Modesto, CA Metro Area", "Modesto, CA Metro Area" ),
	( "Monroe, LA Metro Area", "Monroe, LA Metro Area" ),
	( "Monroe, MI Metro Area", "Monroe, MI Metro Area" ),
	( "Montgomery, AL Metro Area", "Montgomery, AL Metro Area" ),
	( "Montrose, CO Micro Area", "Montrose, CO Micro Area" ),
	( "Morehead City, NC Micro Area", "Morehead City, NC Micro Area" ),
	( "Morgan City, LA Micro Area", "Morgan City, LA Micro Area" ),
	( "Morgantown, WV Metro Area", "Morgantown, WV Metro Area" ),
	( "Morristown, TN Metro Area", "Morristown, TN Metro Area" ),
	( "Moscow, ID Micro Area", "Moscow, ID Micro Area" ),
	( "Moses Lake, WA Micro Area", "Moses Lake, WA Micro Area" ),
	( "Moultrie, GA Micro Area", "Moultrie, GA Micro Area" ),
	( "Mount Airy, NC Micro Area", "Mount Airy, NC Micro Area" ),
	( "Mount Gay-Shamrock, WV Micro Area", "Mount Gay-Shamrock, WV Micro Area" ),
	( "Mount Pleasant, MI Micro Area", "Mount Pleasant, MI Micro Area" ),
	( "Mount Pleasant, TX Micro Area", "Mount Pleasant, TX Micro Area" ),
	( "Mount Sterling, KY Micro Area", "Mount Sterling, KY Micro Area" ),
	( "Mount Vernon, IL Micro Area", "Mount Vernon, IL Micro Area" ),
	( "Mount Vernon, OH Micro Area", "Mount Vernon, OH Micro Area" ),
	( "Mount Vernon-Anacortes, WA Metro Area", "Mount Vernon-Anacortes, WA Metro Area" ),
	( "Mountain Home, AR Micro Area", "Mountain Home, AR Micro Area" ),
	( "Mountain Home, ID Micro Area", "Mountain Home, ID Micro Area" ),
	( "Muncie, IN Metro Area", "Muncie, IN Metro Area" ),
	( "Murray, KY Micro Area", "Murray, KY Micro Area" ),
	( "Muscatine, IA Micro Area", "Muscatine, IA Micro Area" ),
	( "Muskegon, MI Metro Area", "Muskegon, MI Metro Area" ),
	( "Muskogee, OK Micro Area", "Muskogee, OK Micro Area" ),
	( "Myrtle Beach-Conway-North Myrtle Beach, SC-NC Metro Area", "Myrtle Beach-Conway-North Myrtle Beach, SC-NC Metro Area" ),
	( "Nacogdoches, TX Micro Area", "Nacogdoches, TX Micro Area" ),
	( "Napa, CA Metro Area", "Napa, CA Metro Area" ),
	( "Naples-Marco Island, FL Metro Area", "Naples-Marco Island, FL Metro Area" ),
	( "Nashville-Davidson--Murfreesboro--Franklin, TN Metro Area", "Nashville-Davidson--Murfreesboro--Franklin, TN Metro Area" ),
	( "Natchez, MS-LA Micro Area", "Natchez, MS-LA Micro Area" ),
	( "Natchitoches, LA Micro Area", "Natchitoches, LA Micro Area" ),
	( "New Bern, NC Metro Area", "New Bern, NC Metro Area" ),
	( "New Castle, IN Micro Area", "New Castle, IN Micro Area" ),
	( "New Castle, PA Micro Area", "New Castle, PA Micro Area" ),
	( "New Haven-Milford, CT Metro Area", "New Haven-Milford, CT Metro Area" ),
	( "New Orleans-Metairie, LA Metro Area", "New Orleans-Metairie, LA Metro Area" ),
	( "New Philadelphia-Dover, OH Micro Area", "New Philadelphia-Dover, OH Micro Area" ),
	( "New Ulm, MN Micro Area", "New Ulm, MN Micro Area" ),
	( "New York-Newark-Jersey City, NY-NJ-PA Metro Area", "New York-Newark-Jersey City, NY-NJ-PA Metro Area" ),
	( "Newberry, SC Micro Area", "Newberry, SC Micro Area" ),
	( "Newport, OR Micro Area", "Newport, OR Micro Area" ),
	( "Newport, TN Micro Area", "Newport, TN Micro Area" ),
	( "Niles, MI Metro Area", "Niles, MI Metro Area" ),
	( "Nogales, AZ Micro Area", "Nogales, AZ Micro Area" ),
	( "Norfolk, NE Micro Area", "Norfolk, NE Micro Area" ),
	( "North Platte, NE Micro Area", "North Platte, NE Micro Area" ),
	( "North Port-Sarasota-Bradenton, FL Metro Area", "North Port-Sarasota-Bradenton, FL Metro Area" ),
	( "North Vernon, IN Micro Area", "North Vernon, IN Micro Area" ),
	( "North Wilkesboro, NC Micro Area", "North Wilkesboro, NC Micro Area" ),
	( "Norwalk, OH Micro Area", "Norwalk, OH Micro Area" ),
	( "Norwich-New London, CT Metro Area", "Norwich-New London, CT Metro Area" ),
	( "Oak Harbor, WA Micro Area", "Oak Harbor, WA Micro Area" ),
	( "Ocala, FL Metro Area", "Ocala, FL Metro Area" ),
	( "Ocean City, NJ Metro Area", "Ocean City, NJ Metro Area" ),
	( "Odessa, TX Metro Area", "Odessa, TX Metro Area" ),
	( "Ogden-Clearfield, UT Metro Area", "Ogden-Clearfield, UT Metro Area" ),
	( "Ogdensburg-Massena, NY Micro Area", "Ogdensburg-Massena, NY Micro Area" ),
	( "Oil City, PA Micro Area", "Oil City, PA Micro Area" ),
	( "Okeechobee, FL Micro Area", "Okeechobee, FL Micro Area" ),
	( "Oklahoma City, OK Metro Area", "Oklahoma City, OK Metro Area" ),
	( "Olean, NY Micro Area", "Olean, NY Micro Area" ),
	( "Olympia-Lacey-Tumwater, WA Metro Area", "Olympia-Lacey-Tumwater, WA Metro Area" ),
	( "Omaha-Council Bluffs, NE-IA Metro Area", "Omaha-Council Bluffs, NE-IA Metro Area" ),
	( "Oneonta, NY Micro Area", "Oneonta, NY Micro Area" ),
	( "Ontario, OR-ID Micro Area", "Ontario, OR-ID Micro Area" ),
	( "Opelousas, LA Micro Area", "Opelousas, LA Micro Area" ),
	( "Orangeburg, SC Micro Area", "Orangeburg, SC Micro Area" ),
	( "Orlando-Kissimmee-Sanford, FL Metro Area", "Orlando-Kissimmee-Sanford, FL Metro Area" ),
	( "Oshkosh-Neenah, WI Metro Area", "Oshkosh-Neenah, WI Metro Area" ),
	( "Oskaloosa, IA Micro Area", "Oskaloosa, IA Micro Area" ),
	( "Othello, WA Micro Area", "Othello, WA Micro Area" ),
	( "Ottawa, IL Micro Area", "Ottawa, IL Micro Area" ),
	( "Ottawa, KS Micro Area", "Ottawa, KS Micro Area" ),
	( "Ottumwa, IA Micro Area", "Ottumwa, IA Micro Area" ),
	( "Owatonna, MN Micro Area", "Owatonna, MN Micro Area" ),
	( "Owensboro, KY Metro Area", "Owensboro, KY Metro Area" ),
	( "Oxford, MS Micro Area", "Oxford, MS Micro Area" ),
	( "Oxnard-Thousand Oaks-Ventura, CA Metro Area", "Oxnard-Thousand Oaks-Ventura, CA Metro Area" ),
	( "Ozark, AL Micro Area", "Ozark, AL Micro Area" ),
	( "Paducah, KY-IL Micro Area", "Paducah, KY-IL Micro Area" ),
	( "Pahrump, NV Micro Area", "Pahrump, NV Micro Area" ),
	( "Palatka, FL Micro Area", "Palatka, FL Micro Area" ),
	( "Palestine, TX Micro Area", "Palestine, TX Micro Area" ),
	( "Palm Bay-Melbourne-Titusville, FL Metro Area", "Palm Bay-Melbourne-Titusville, FL Metro Area" ),
	( "Pampa, TX Micro Area", "Pampa, TX Micro Area" ),
	( "Panama City, FL Metro Area", "Panama City, FL Metro Area" ),
	( "Paragould, AR Micro Area", "Paragould, AR Micro Area" ),
	( "Paris, TN Micro Area", "Paris, TN Micro Area" ),
	( "Paris, TX Micro Area", "Paris, TX Micro Area" ),
	( "Parkersburg-Vienna, WV Metro Area", "Parkersburg-Vienna, WV Metro Area" ),
	( "Parsons, KS Micro Area", "Parsons, KS Micro Area" ),
	( "Payson, AZ Micro Area", "Payson, AZ Micro Area" ),
	( "Pearsall, TX Micro Area", "Pearsall, TX Micro Area" ),
	( "Pecos, TX Micro Area", "Pecos, TX Micro Area" ),
	( "Pella, IA Micro Area", "Pella, IA Micro Area" ),
	( "Pensacola-Ferry Pass-Brent, FL Metro Area", "Pensacola-Ferry Pass-Brent, FL Metro Area" ),
	( "Peoria, IL Metro Area", "Peoria, IL Metro Area" ),
	( "Peru, IN Micro Area", "Peru, IN Micro Area" ),
	( "Philadelphia-Camden-Wilmington, PA-NJ-DE-MD Metro Area", "Philadelphia-Camden-Wilmington, PA-NJ-DE-MD Metro Area" ),
	( "Phoenix-Mesa-Chandler, AZ Metro Area", "Phoenix-Mesa-Chandler, AZ Metro Area" ),
	( "Picayune, MS Micro Area", "Picayune, MS Micro Area" ),
	( "Pierre, SD Micro Area", "Pierre, SD Micro Area" ),
	( "Pine Bluff, AR Metro Area", "Pine Bluff, AR Metro Area" ),
	( "Pinehurst-Southern Pines, NC Micro Area", "Pinehurst-Southern Pines, NC Micro Area" ),
	( "Pittsburg, KS Micro Area", "Pittsburg, KS Micro Area" ),
	( "Pittsburgh, PA Metro Area", "Pittsburgh, PA Metro Area" ),
	( "Pittsfield, MA Metro Area", "Pittsfield, MA Metro Area" ),
	( "Plainview, TX Micro Area", "Plainview, TX Micro Area" ),
	( "Platteville, WI Micro Area", "Platteville, WI Micro Area" ),
	( "Plattsburgh, NY Micro Area", "Plattsburgh, NY Micro Area" ),
	( "Plymouth, IN Micro Area", "Plymouth, IN Micro Area" ),
	( "Pocatello, ID Metro Area", "Pocatello, ID Metro Area" ),
	( "Point Pleasant, WV-OH Micro Area", "Point Pleasant, WV-OH Micro Area" ),
	( "Ponca City, OK Micro Area", "Ponca City, OK Micro Area" ),
	( "Pontiac, IL Micro Area", "Pontiac, IL Micro Area" ),
	( "Poplar Bluff, MO Micro Area", "Poplar Bluff, MO Micro Area" ),
	( "Port Angeles, WA Micro Area", "Port Angeles, WA Micro Area" ),
	( "Port Lavaca, TX Micro Area", "Port Lavaca, TX Micro Area" ),
	( "Port St. Lucie, FL Metro Area", "Port St. Lucie, FL Metro Area" ),
	( "Portales, NM Micro Area", "Portales, NM Micro Area" ),
	( "Portland-South Portland, ME Metro Area", "Portland-South Portland, ME Metro Area" ),
	( "Portland-Vancouver-Hillsboro, OR-WA Metro Area", "Portland-Vancouver-Hillsboro, OR-WA Metro Area" ),
	( "Portsmouth, OH Micro Area", "Portsmouth, OH Micro Area" ),
	( "Pottsville, PA Micro Area", "Pottsville, PA Micro Area" ),
	( "Poughkeepsie-Newburgh-Middletown, NY Metro Area", "Poughkeepsie-Newburgh-Middletown, NY Metro Area" ),
	( "Prescott Valley-Prescott, AZ Metro Area", "Prescott Valley-Prescott, AZ Metro Area" ),
	( "Price, UT Micro Area", "Price, UT Micro Area" ),
	( "Prineville, OR Micro Area", "Prineville, OR Micro Area" ),
	( "Providence-Warwick, RI-MA Metro Area", "Providence-Warwick, RI-MA Metro Area" ),
	( "Provo-Orem, UT Metro Area", "Provo-Orem, UT Metro Area" ),
	( "Pueblo, CO Metro Area", "Pueblo, CO Metro Area" ),
	( "Pullman, WA Micro Area", "Pullman, WA Micro Area" ),
	( "Punta Gorda, FL Metro Area", "Punta Gorda, FL Metro Area" ),
	( "Quincy, IL-MO Micro Area", "Quincy, IL-MO Micro Area" ),
	( "Racine, WI Metro Area", "Racine, WI Metro Area" ),
	( "Raleigh-Cary, NC Metro Area", "Raleigh-Cary, NC Metro Area" ),
	( "Rapid City, SD Metro Area", "Rapid City, SD Metro Area" ),
	( "Raymondville, TX Micro Area", "Raymondville, TX Micro Area" ),
	( "Reading, PA Metro Area", "Reading, PA Metro Area" ),
	( "Red Bluff, CA Micro Area", "Red Bluff, CA Micro Area" ),
	( "Red Wing, MN Micro Area", "Red Wing, MN Micro Area" ),
	( "Redding, CA Metro Area", "Redding, CA Metro Area" ),
	( "Reno, NV Metro Area", "Reno, NV Metro Area" ),
	( "Rexburg, ID Micro Area", "Rexburg, ID Micro Area" ),
	( "Richmond, IN Micro Area", "Richmond, IN Micro Area" ),
	( "Richmond, VA Metro Area", "Richmond, VA Metro Area" ),
	( "Richmond-Berea, KY Micro Area", "Richmond-Berea, KY Micro Area" ),
	( "Rio Grande City-Roma, TX Micro Area", "Rio Grande City-Roma, TX Micro Area" ),
	( "Riverside-San Bernardino-Ontario, CA Metro Area", "Riverside-San Bernardino-Ontario, CA Metro Area" ),
	( "Riverton, WY Micro Area", "Riverton, WY Micro Area" ),
	( "Roanoke Rapids, NC Micro Area", "Roanoke Rapids, NC Micro Area" ),
	( "Roanoke, VA Metro Area", "Roanoke, VA Metro Area" ),
	( "Rochelle, IL Micro Area", "Rochelle, IL Micro Area" ),
	( "Rochester, MN Metro Area", "Rochester, MN Metro Area" ),
	( "Rochester, NY Metro Area", "Rochester, NY Metro Area" ),
	( "Rock Springs, WY Micro Area", "Rock Springs, WY Micro Area" ),
	( "Rockford, IL Metro Area", "Rockford, IL Metro Area" ),
	( "Rockingham, NC Micro Area", "Rockingham, NC Micro Area" ),
	( "Rockport, TX Micro Area", "Rockport, TX Micro Area" ),
	( "Rocky Mount, NC Metro Area", "Rocky Mount, NC Metro Area" ),
	( "Rolla, MO Micro Area", "Rolla, MO Micro Area" ),
	( "Rome, GA Metro Area", "Rome, GA Metro Area" ),
	( "Roseburg, OR Micro Area", "Roseburg, OR Micro Area" ),
	( "Roswell, NM Micro Area", "Roswell, NM Micro Area" ),
	( "Ruidoso, NM Micro Area", "Ruidoso, NM Micro Area" ),
	( "Russellville, AR Micro Area", "Russellville, AR Micro Area" ),
	( "Ruston, LA Micro Area", "Ruston, LA Micro Area" ),
	( "Rutland, VT Micro Area", "Rutland, VT Micro Area" ),
	( "Sacramento-Roseville-Folsom, CA Metro Area", "Sacramento-Roseville-Folsom, CA Metro Area" ),
	( "Safford, AZ Micro Area", "Safford, AZ Micro Area" ),
	( "Saginaw, MI Metro Area", "Saginaw, MI Metro Area" ),
	( "Salem, OH Micro Area", "Salem, OH Micro Area" ),
	( "Salem, OR Metro Area", "Salem, OR Metro Area" ),
	( "Salina, KS Micro Area", "Salina, KS Micro Area" ),
	( "Salinas, CA Metro Area", "Salinas, CA Metro Area" ),
	( "Salisbury, MD-DE Metro Area", "Salisbury, MD-DE Metro Area" ),
	( "Salt Lake City, UT Metro Area", "Salt Lake City, UT Metro Area" ),
	( "San Angelo, TX Metro Area", "San Angelo, TX Metro Area" ),
	( "San Antonio-New Braunfels, TX Metro Area", "San Antonio-New Braunfels, TX Metro Area" ),
	( "San Diego-Chula Vista-Carlsbad, CA Metro Area", "San Diego-Chula Vista-Carlsbad, CA Metro Area" ),
	( "San Francisco-Oakland-Berkeley, CA Metro Area", "San Francisco-Oakland-Berkeley, CA Metro Area" ),
	( "San Jose-Sunnyvale-Santa Clara, CA Metro Area", "San Jose-Sunnyvale-Santa Clara, CA Metro Area" ),
	( "San Luis Obispo-Paso Robles, CA Metro Area", "San Luis Obispo-Paso Robles, CA Metro Area" ),
	( "Sandpoint, ID Micro Area", "Sandpoint, ID Micro Area" ),
	( "Sandusky, OH Micro Area", "Sandusky, OH Micro Area" ),
	( "Sanford, NC Micro Area", "Sanford, NC Micro Area" ),
	( "Santa Cruz-Watsonville, CA Metro Area", "Santa Cruz-Watsonville, CA Metro Area" ),
	( "Santa Fe, NM Metro Area", "Santa Fe, NM Metro Area" ),
	( "Santa Maria-Santa Barbara, CA Metro Area", "Santa Maria-Santa Barbara, CA Metro Area" ),
	( "Santa Rosa-Petaluma, CA Metro Area", "Santa Rosa-Petaluma, CA Metro Area" ),
	( "Sault Ste. Marie, MI Micro Area", "Sault Ste. Marie, MI Micro Area" ),
	( "Savannah, GA Metro Area", "Savannah, GA Metro Area" ),
	( "Sayre, PA Micro Area", "Sayre, PA Micro Area" ),
	( "Scottsbluff, NE Micro Area", "Scottsbluff, NE Micro Area" ),
	( "Scottsboro, AL Micro Area", "Scottsboro, AL Micro Area" ),
	( "Scottsburg, IN Micro Area", "Scottsburg, IN Micro Area" ),
	( "Scranton--Wilkes-Barre, PA Metro Area", "Scranton--Wilkes-Barre, PA Metro Area" ),
	( "Searcy, AR Micro Area", "Searcy, AR Micro Area" ),
	( "Seattle-Tacoma-Bellevue, WA Metro Area", "Seattle-Tacoma-Bellevue, WA Metro Area" ),
	( "Sebastian-Vero Beach, FL Metro Area", "Sebastian-Vero Beach, FL Metro Area" ),
	( "Sebring-Avon Park, FL Metro Area", "Sebring-Avon Park, FL Metro Area" ),
	( "Sedalia, MO Micro Area", "Sedalia, MO Micro Area" ),
	( "Selinsgrove, PA Micro Area", "Selinsgrove, PA Micro Area" ),
	( "Selma, AL Micro Area", "Selma, AL Micro Area" ),
	( "Seneca Falls, NY Micro Area", "Seneca Falls, NY Micro Area" ),
	( "Seneca, SC Micro Area", "Seneca, SC Micro Area" ),
	( "Sevierville, TN Micro Area", "Sevierville, TN Micro Area" ),
	( "Seymour, IN Micro Area", "Seymour, IN Micro Area" ),
	( "Shawano, WI Micro Area", "Shawano, WI Micro Area" ),
	( "Shawnee, OK Micro Area", "Shawnee, OK Micro Area" ),
	( "Sheboygan, WI Metro Area", "Sheboygan, WI Metro Area" ),
	( "Shelby, NC Micro Area", "Shelby, NC Micro Area" ),
	( "Shelbyville, TN Micro Area", "Shelbyville, TN Micro Area" ),
	( "Shelton, WA Micro Area", "Shelton, WA Micro Area" ),
	( "Sheridan, WY Micro Area", "Sheridan, WY Micro Area" ),
	( "Sherman-Denison, TX Metro Area", "Sherman-Denison, TX Metro Area" ),
	( "Show Low, AZ Micro Area", "Show Low, AZ Micro Area" ),
	( "Shreveport-Bossier City, LA Metro Area", "Shreveport-Bossier City, LA Metro Area" ),
	( "Sidney, OH Micro Area", "Sidney, OH Micro Area" ),
	( "Sierra Vista-Douglas, AZ Metro Area", "Sierra Vista-Douglas, AZ Metro Area" ),
	( "Sikeston, MO Micro Area", "Sikeston, MO Micro Area" ),
	( "Silver City, NM Micro Area", "Silver City, NM Micro Area" ),
	( "Sioux City, IA-NE-SD Metro Area", "Sioux City, IA-NE-SD Metro Area" ),
	( "Sioux Falls, SD Metro Area", "Sioux Falls, SD Metro Area" ),
	( "Snyder, TX Micro Area", "Snyder, TX Micro Area" ),
	( "Somerset, KY Micro Area", "Somerset, KY Micro Area" ),
	( "Somerset, PA Micro Area", "Somerset, PA Micro Area" ),
	( "Sonora, CA Micro Area", "Sonora, CA Micro Area" ),
	( "South Bend-Mishawaka, IN-MI Metro Area", "South Bend-Mishawaka, IN-MI Metro Area" ),
	( "Spartanburg, SC Metro Area", "Spartanburg, SC Metro Area" ),
	( "Spearfish, SD Micro Area", "Spearfish, SD Micro Area" ),
	( "Spencer, IA Micro Area", "Spencer, IA Micro Area" ),
	( "Spirit Lake, IA Micro Area", "Spirit Lake, IA Micro Area" ),
	( "Spokane-Spokane Valley, WA Metro Area", "Spokane-Spokane Valley, WA Metro Area" ),
	( "Springfield, IL Metro Area", "Springfield, IL Metro Area" ),
	( "Springfield, MA Metro Area", "Springfield, MA Metro Area" ),
	( "Springfield, MO Metro Area", "Springfield, MO Metro Area" ),
	( "Springfield, OH Metro Area", "Springfield, OH Metro Area" ),
	( "St. Cloud, MN Metro Area", "St. Cloud, MN Metro Area" ),
	( "St. George, UT Metro Area", "St. George, UT Metro Area" ),
	( "St. Joseph, MO-KS Metro Area", "St. Joseph, MO-KS Metro Area" ),
	( "St. Louis, MO-IL Metro Area", "St. Louis, MO-IL Metro Area" ),
	( "St. Marys, GA Micro Area", "St. Marys, GA Micro Area" ),
	( "St. Marys, PA Micro Area", "St. Marys, PA Micro Area" ),
	( "Starkville, MS Micro Area", "Starkville, MS Micro Area" ),
	( "State College, PA Metro Area", "State College, PA Metro Area" ),
	( "Statesboro, GA Micro Area", "Statesboro, GA Micro Area" ),
	( "Staunton, VA Metro Area", "Staunton, VA Metro Area" ),
	( "Steamboat Springs, CO Micro Area", "Steamboat Springs, CO Micro Area" ),
	( "Stephenville, TX Micro Area", "Stephenville, TX Micro Area" ),
	( "Sterling, CO Micro Area", "Sterling, CO Micro Area" ),
	( "Sterling, IL Micro Area", "Sterling, IL Micro Area" ),
	( "Stevens Point, WI Micro Area", "Stevens Point, WI Micro Area" ),
	( "Stillwater, OK Micro Area", "Stillwater, OK Micro Area" ),
	( "Stockton, CA Metro Area", "Stockton, CA Metro Area" ),
	( "Storm Lake, IA Micro Area", "Storm Lake, IA Micro Area" ),
	( "Sturgis, MI Micro Area", "Sturgis, MI Micro Area" ),
	( "Sulphur Springs, TX Micro Area", "Sulphur Springs, TX Micro Area" ),
	( "Summerville, GA Micro Area", "Summerville, GA Micro Area" ),
	( "Sumter, SC Metro Area", "Sumter, SC Metro Area" ),
	( "Sunbury, PA Micro Area", "Sunbury, PA Micro Area" ),
	( "Susanville, CA Micro Area", "Susanville, CA Micro Area" ),
	( "Sweetwater, TX Micro Area", "Sweetwater, TX Micro Area" ),
	( "Syracuse, NY Metro Area", "Syracuse, NY Metro Area" ),
	( "Tahlequah, OK Micro Area", "Tahlequah, OK Micro Area" ),
	( "Talladega-Sylacauga, AL Micro Area", "Talladega-Sylacauga, AL Micro Area" ),
	( "Tallahassee, FL Metro Area", "Tallahassee, FL Metro Area" ),
	( "Tampa-St. Petersburg-Clearwater, FL Metro Area", "Tampa-St. Petersburg-Clearwater, FL Metro Area" ),
	( "Taos, NM Micro Area", "Taos, NM Micro Area" ),
	( "Taylorville, IL Micro Area", "Taylorville, IL Micro Area" ),
	( "Terre Haute, IN Metro Area", "Terre Haute, IN Metro Area" ),
	( "Texarkana, TX-AR Metro Area", "Texarkana, TX-AR Metro Area" ),
	( "The Dalles, OR Micro Area", "The Dalles, OR Micro Area" ),
	( "The Villages, FL Metro Area", "The Villages, FL Metro Area" ),
	( "Thomaston, GA Micro Area", "Thomaston, GA Micro Area" ),
	( "Thomasville, GA Micro Area", "Thomasville, GA Micro Area" ),
	( "Tiffin, OH Micro Area", "Tiffin, OH Micro Area" ),
	( "Tifton, GA Micro Area", "Tifton, GA Micro Area" ),
	( "Toccoa, GA Micro Area", "Toccoa, GA Micro Area" ),
	( "Toledo, OH Metro Area", "Toledo, OH Metro Area" ),
	( "Topeka, KS Metro Area", "Topeka, KS Metro Area" ),
	( "Torrington, CT Micro Area", "Torrington, CT Micro Area" ),
	( "Traverse City, MI Micro Area", "Traverse City, MI Micro Area" ),
	( "Trenton-Princeton, NJ Metro Area", "Trenton-Princeton, NJ Metro Area" ),
	( "Troy, AL Micro Area", "Troy, AL Micro Area" ),
	( "Truckee-Grass Valley, CA Micro Area", "Truckee-Grass Valley, CA Micro Area" ),
	( "Tucson, AZ Metro Area", "Tucson, AZ Metro Area" ),
	( "Tullahoma-Manchester, TN Micro Area", "Tullahoma-Manchester, TN Micro Area" ),
	( "Tulsa, OK Metro Area", "Tulsa, OK Metro Area" ),
	( "Tupelo, MS Micro Area", "Tupelo, MS Micro Area" ),
	( "Tuscaloosa, AL Metro Area", "Tuscaloosa, AL Metro Area" ),
	( "Twin Falls, ID Metro Area", "Twin Falls, ID Metro Area" ),
	( "Tyler, TX Metro Area", "Tyler, TX Metro Area" ),
	( "Ukiah, CA Micro Area", "Ukiah, CA Micro Area" ),
	( "Union City, TN Micro Area", "Union City, TN Micro Area" ),
	( "Union, SC Micro Area", "Union, SC Micro Area" ),
	( "Urban Honolulu, HI Metro Area", "Urban Honolulu, HI Metro Area" ),
	( "Urbana, OH Micro Area", "Urbana, OH Micro Area" ),
	( "Utica-Rome, NY Metro Area", "Utica-Rome, NY Metro Area" ),
	( "Uvalde, TX Micro Area", "Uvalde, TX Micro Area" ),
	( "Valdosta, GA Metro Area", "Valdosta, GA Metro Area" ),
	( "Vallejo, CA Metro Area", "Vallejo, CA Metro Area" ),
	( "Van Wert, OH Micro Area", "Van Wert, OH Micro Area" ),
	( "Vermillion, SD Micro Area", "Vermillion, SD Micro Area" ),
	( "Vernal, UT Micro Area", "Vernal, UT Micro Area" ),
	( "Vernon, TX Micro Area", "Vernon, TX Micro Area" ),
	( "Vicksburg, MS Micro Area", "Vicksburg, MS Micro Area" ),
	( "Victoria, TX Metro Area", "Victoria, TX Metro Area" ),
	( "Vidalia, GA Micro Area", "Vidalia, GA Micro Area" ),
	( "Vincennes, IN Micro Area", "Vincennes, IN Micro Area" ),
	( "Vineland-Bridgeton, NJ Metro Area", "Vineland-Bridgeton, NJ Metro Area" ),
	( "Vineyard Haven, MA Micro Area", "Vineyard Haven, MA Micro Area" ),
	( "Virginia Beach-Norfolk-Newport News, VA-NC Metro Area", "Virginia Beach-Norfolk-Newport News, VA-NC Metro Area" ),
	( "Visalia, CA Metro Area", "Visalia, CA Metro Area" ),
	( "Wabash, IN Micro Area", "Wabash, IN Micro Area" ),
	( "Waco, TX Metro Area", "Waco, TX Metro Area" ),
	( "Wahpeton, ND-MN Micro Area", "Wahpeton, ND-MN Micro Area" ),
	( "Walla Walla, WA Metro Area", "Walla Walla, WA Metro Area" ),
	( "Wapakoneta, OH Micro Area", "Wapakoneta, OH Micro Area" ),
	( "Warner Robins, GA Metro Area", "Warner Robins, GA Metro Area" ),
	( "Warren, PA Micro Area", "Warren, PA Micro Area" ),
	( "Warrensburg, MO Micro Area", "Warrensburg, MO Micro Area" ),
	( "Warsaw, IN Micro Area", "Warsaw, IN Micro Area" ),
	( "Washington Court House, OH Micro Area", "Washington Court House, OH Micro Area" ),
	( "Washington, IN Micro Area", "Washington, IN Micro Area" ),
	( "Washington, NC Micro Area", "Washington, NC Micro Area" ),
	( "Washington-Arlington-Alexandria, DC-VA-MD-WV Metro Area", "Washington-Arlington-Alexandria, DC-VA-MD-WV Metro Area" ),
	( "Waterloo-Cedar Falls, IA Metro Area", "Waterloo-Cedar Falls, IA Metro Area" ),
	( "Watertown, SD Micro Area", "Watertown, SD Micro Area" ),
	( "Watertown-Fort Atkinson, WI Micro Area", "Watertown-Fort Atkinson, WI Micro Area" ),
	( "Watertown-Fort Drum, NY Metro Area", "Watertown-Fort Drum, NY Metro Area" ),
	( "Wauchula, FL Micro Area", "Wauchula, FL Micro Area" ),
	( "Wausau-Weston, WI Metro Area", "Wausau-Weston, WI Metro Area" ),
	( "Waycross, GA Micro Area", "Waycross, GA Micro Area" ),
	( "Weatherford, OK Micro Area", "Weatherford, OK Micro Area" ),
	( "Weirton-Steubenville, WV-OH Metro Area", "Weirton-Steubenville, WV-OH Metro Area" ),
	( "Wenatchee, WA Metro Area", "Wenatchee, WA Metro Area" ),
	( "West Plains, MO Micro Area", "West Plains, MO Micro Area" ),
	( "West Point, MS Micro Area", "West Point, MS Micro Area" ),
	( "Wheeling, WV-OH Metro Area", "Wheeling, WV-OH Metro Area" ),
	( "Whitewater, WI Micro Area", "Whitewater, WI Micro Area" ),
	( "Wichita Falls, TX Metro Area", "Wichita Falls, TX Metro Area" ),
	( "Wichita, KS Metro Area", "Wichita, KS Metro Area" ),
	( "Williamsport, PA Metro Area", "Williamsport, PA Metro Area" ),
	( "Williston, ND Micro Area", "Williston, ND Micro Area" ),
	( "Willmar, MN Micro Area", "Willmar, MN Micro Area" ),
	( "Wilmington, NC Metro Area", "Wilmington, NC Metro Area" ),
	( "Wilmington, OH Micro Area", "Wilmington, OH Micro Area" ),
	( "Wilson, NC Micro Area", "Wilson, NC Micro Area" ),
	( "Winchester, VA-WV Metro Area", "Winchester, VA-WV Metro Area" ),
	( "Winfield, KS Micro Area", "Winfield, KS Micro Area" ),
	( "Winnemucca, NV Micro Area", "Winnemucca, NV Micro Area" ),
	( "Winona, MN Micro Area", "Winona, MN Micro Area" ),
	( "Winston-Salem, NC Metro Area", "Winston-Salem, NC Metro Area" ),
	( "Wisconsin Rapids-Marshfield, WI Micro Area", "Wisconsin Rapids-Marshfield, WI Micro Area" ),
	( "Woodward, OK Micro Area", "Woodward, OK Micro Area" ),
	( "Wooster, OH Micro Area", "Wooster, OH Micro Area" ),
	( "Worcester, MA-CT Metro Area", "Worcester, MA-CT Metro Area" ),
	( "Worthington, MN Micro Area", "Worthington, MN Micro Area" ),
	( "Yakima, WA Metro Area", "Yakima, WA Metro Area" ),
	( "Yankton, SD Micro Area", "Yankton, SD Micro Area" ),
	( "York-Hanover, PA Metro Area", "York-Hanover, PA Metro Area" ),
	( "Youngstown-Warren-Boardman, OH-PA Metro Area", "Youngstown-Warren-Boardman, OH-PA Metro Area" ),
	( "Yuba City, CA Metro Area", "Yuba City, CA Metro Area" ),
	( "Yuma, AZ Metro Area", "Yuma, AZ Metro Area" ),
	( "Zanesville, OH Micro Area", "Zanesville, OH Micro Area" ),
	( "Zapata, TX Micro Area", "Zapata, TX Micro Area" )
)