[{
  "MetroName": "Aberdeen SD Micro Area"
},
{
  "MetroName": "Abilene TX Metro Area"
},
{
  "MetroName": "Ada OK Micro Area"
},
{
  "MetroName": "Adrian MI Micro Area"
},
{
  "MetroName": "Akron OH Metro Area"
},
{
  "MetroName": "Alamogordo NM Micro Area"
},
{
  "MetroName": "Albany GA Metro Area"
},
{
  "MetroName": "Albany-Lebanon OR Metro Area"
},
{
  "MetroName": "Albany-Schenectady-Troy NY Metro Area"
},
{
  "MetroName": "Albemarle NC Micro Area"
},
{
  "MetroName": "Albert Lea MN Micro Area"
},
{
  "MetroName": "Albertville AL Micro Area"
},
{
  "MetroName": "Albuquerque NM Metro Area"
},
{
  "MetroName": "Alexander City AL Micro Area"
},
{
  "MetroName": "Alexandria LA Metro Area"
},
{
  "MetroName": "Alexandria MN Micro Area"
},
{
  "MetroName": "Alice TX Micro Area"
},
{
  "MetroName": "Allentown-Bethlehem-Easton PA-NJ Metro Area"
},
{
  "MetroName": "Alma MI Micro Area"
},
{
  "MetroName": "Alpena MI Micro Area"
},
{
  "MetroName": "Altoona PA Metro Area"
},
{
  "MetroName": "Altus OK Micro Area"
},
{
  "MetroName": "Amarillo TX Metro Area"
},
{
  "MetroName": "Americus GA Micro Area"
},
{
  "MetroName": "Ames IA Metro Area"
},
{
  "MetroName": "Amsterdam NY Micro Area"
},
{
  "MetroName": "Anchorage AK Metro Area"
},
{
  "MetroName": "Andrews TX Micro Area"
},
{
  "MetroName": "Angola IN Micro Area"
},
{
  "MetroName": "Ann Arbor MI Metro Area"
},
{
  "MetroName": "Anniston-Oxford AL Metro Area"
},
{
  "MetroName": "Appleton WI Metro Area"
},
{
  "MetroName": "Arcadia FL Micro Area"
},
{
  "MetroName": "Ardmore OK Micro Area"
},
{
  "MetroName": "Arkadelphia AR Micro Area"
},
{
  "MetroName": "Asheville NC Metro Area"
},
{
  "MetroName": "Ashland OH Micro Area"
},
{
  "MetroName": "Ashtabula OH Micro Area"
},
{
  "MetroName": "Astoria OR Micro Area"
},
{
  "MetroName": "Atchison KS Micro Area"
},
{
  "MetroName": "Athens OH Micro Area"
},
{
  "MetroName": "Athens TN Micro Area"
},
{
  "MetroName": "Athens TX Micro Area"
},
{
  "MetroName": "Athens-Clarke County GA Metro Area"
},
{
  "MetroName": "Atlanta-Sandy Springs-Alpharetta GA Metro Area"
},
{
  "MetroName": "Atlantic City-Hammonton NJ Metro Area"
},
{
  "MetroName": "Atmore AL Micro Area"
},
{
  "MetroName": "Auburn IN Micro Area"
},
{
  "MetroName": "Auburn NY Micro Area"
},
{
  "MetroName": "Auburn-Opelika AL Metro Area"
},
{
  "MetroName": "Augusta-Richmond County GA-SC Metro Area"
},
{
  "MetroName": "Augusta-Waterville ME Micro Area"
},
{
  "MetroName": "Austin MN Micro Area"
},
{
  "MetroName": "Austin-Round Rock-Georgetown TX Metro Area"
},
{
  "MetroName": "Bainbridge GA Micro Area"
},
{
  "MetroName": "Bakersfield CA Metro Area"
},
{
  "MetroName": "Baltimore-Columbia-Towson MD Metro Area"
},
{
  "MetroName": "Bangor ME Metro Area"
},
{
  "MetroName": "Baraboo WI Micro Area"
},
{
  "MetroName": "Bardstown KY Micro Area"
},
{
  "MetroName": "Barnstable Town MA Metro Area"
},
{
  "MetroName": "Barre VT Micro Area"
},
{
  "MetroName": "Bartlesville OK Micro Area"
},
{
  "MetroName": "Batavia NY Micro Area"
},
{
  "MetroName": "Batesville AR Micro Area"
},
{
  "MetroName": "Baton Rouge LA Metro Area"
},
{
  "MetroName": "Battle Creek MI Metro Area"
},
{
  "MetroName": "Bay City MI Metro Area"
},
{
  "MetroName": "Bay City TX Micro Area"
},
{
  "MetroName": "Beatrice NE Micro Area"
},
{
  "MetroName": "Beaumont-Port Arthur TX Metro Area"
},
{
  "MetroName": "Beaver Dam WI Micro Area"
},
{
  "MetroName": "Beckley WV Metro Area"
},
{
  "MetroName": "Bedford IN Micro Area"
},
{
  "MetroName": "Beeville TX Micro Area"
},
{
  "MetroName": "Bellefontaine OH Micro Area"
},
{
  "MetroName": "Bellingham WA Metro Area"
},
{
  "MetroName": "Bemidji MN Micro Area"
},
{
  "MetroName": "Bend OR Metro Area"
},
{
  "MetroName": "Bennettsville SC Micro Area"
},
{
  "MetroName": "Bennington VT Micro Area"
},
{
  "MetroName": "Berlin NH Micro Area"
},
{
  "MetroName": "Big Rapids MI Micro Area"
},
{
  "MetroName": "Big Spring TX Micro Area"
},
{
  "MetroName": "Big Stone Gap VA Micro Area"
},
{
  "MetroName": "Billings MT Metro Area"
},
{
  "MetroName": "Binghamton NY Metro Area"
},
{
  "MetroName": "Birmingham-Hoover AL Metro Area"
},
{
  "MetroName": "Bismarck ND Metro Area"
},
{
  "MetroName": "Blackfoot ID Micro Area"
},
{
  "MetroName": "Blacksburg-Christiansburg VA Metro Area"
},
{
  "MetroName": "Bloomington IL Metro Area"
},
{
  "MetroName": "Bloomington IN Metro Area"
},
{
  "MetroName": "Bloomsburg-Berwick PA Metro Area"
},
{
  "MetroName": "Bluefield WV-VA Micro Area"
},
{
  "MetroName": "Bluffton IN Micro Area"
},
{
  "MetroName": "Blytheville AR Micro Area"
},
{
  "MetroName": "Bogalusa LA Micro Area"
},
{
  "MetroName": "Boise City ID Metro Area"
},
{
  "MetroName": "Bonham TX Micro Area"
},
{
  "MetroName": "Boone NC Micro Area"
},
{
  "MetroName": "Borger TX Micro Area"
},
{
  "MetroName": "Boston-Cambridge-Newton MA-NH Metro Area"
},
{
  "MetroName": "Boulder CO Metro Area"
},
{
  "MetroName": "Bowling Green KY Metro Area"
},
{
  "MetroName": "Bozeman MT Micro Area"
},
{
  "MetroName": "Bradford PA Micro Area"
},
{
  "MetroName": "Brainerd MN Micro Area"
},
{
  "MetroName": "Branson MO Micro Area"
},
{
  "MetroName": "Breckenridge CO Micro Area"
},
{
  "MetroName": "Bremerton-Silverdale-Port Orchard WA Metro Area"
},
{
  "MetroName": "Brenham TX Micro Area"
},
{
  "MetroName": "Brevard NC Micro Area"
},
{
  "MetroName": "Bridgeport-Stamford-Norwalk CT Metro Area"
},
{
  "MetroName": "Brookhaven MS Micro Area"
},
{
  "MetroName": "Brookings OR Micro Area"
},
{
  "MetroName": "Brookings SD Micro Area"
},
{
  "MetroName": "Brownsville TN Micro Area"
},
{
  "MetroName": "Brownsville-Harlingen TX Metro Area"
},
{
  "MetroName": "Brownwood TX Micro Area"
},
{
  "MetroName": "Brunswick GA Metro Area"
},
{
  "MetroName": "Bucyrus-Galion OH Micro Area"
},
{
  "MetroName": "Buffalo-Cheektowaga NY Metro Area"
},
{
  "MetroName": "Burley ID Micro Area"
},
{
  "MetroName": "Burlington IA-IL Micro Area"
},
{
  "MetroName": "Burlington NC Metro Area"
},
{
  "MetroName": "Burlington-South Burlington VT Metro Area"
},
{
  "MetroName": "Butte-Silver Bow MT Micro Area"
},
{
  "MetroName": "Cadillac MI Micro Area"
},
{
  "MetroName": "Calhoun GA Micro Area"
},
{
  "MetroName": "California-Lexington Park MD Metro Area"
},
{
  "MetroName": "Cambridge MD Micro Area"
},
{
  "MetroName": "Cambridge OH Micro Area"
},
{
  "MetroName": "Camden AR Micro Area"
},
{
  "MetroName": "Campbellsville KY Micro Area"
},
{
  "MetroName": "Canton-Massillon OH Metro Area"
},
{
  "MetroName": "Cape Coral-Fort Myers FL Metro Area"
},
{
  "MetroName": "Cape Girardeau MO-IL Metro Area"
},
{
  "MetroName": "Carbondale-Marion IL Metro Area"
},
{
  "MetroName": "Carlsbad-Artesia NM Micro Area"
},
{
  "MetroName": "Carroll IA Micro Area"
},
{
  "MetroName": "Carson City NV Metro Area"
},
{
  "MetroName": "Casper WY Metro Area"
},
{
  "MetroName": "Ca�on City CO Micro Area"
},
{
  "MetroName": "Cedar City UT Micro Area"
},
{
  "MetroName": "Cedar Rapids IA Metro Area"
},
{
  "MetroName": "Cedartown GA Micro Area"
},
{
  "MetroName": "Celina OH Micro Area"
},
{
  "MetroName": "Central City KY Micro Area"
},
{
  "MetroName": "Centralia IL Micro Area"
},
{
  "MetroName": "Centralia WA Micro Area"
},
{
  "MetroName": "Chambersburg-Waynesboro PA Metro Area"
},
{
  "MetroName": "Champaign-Urbana IL Metro Area"
},
{
  "MetroName": "Charleston WV Metro Area"
},
{
  "MetroName": "Charleston-Mattoon IL Micro Area"
},
{
  "MetroName": "Charleston-North Charleston SC Metro Area"
},
{
  "MetroName": "Charlotte-Concord-Gastonia NC-SC Metro Area"
},
{
  "MetroName": "Charlottesville VA Metro Area"
},
{
  "MetroName": "Chattanooga TN-GA Metro Area"
},
{
  "MetroName": "Cheyenne WY Metro Area"
},
{
  "MetroName": "Chicago-Naperville-Elgin IL-IN-WI Metro Area"
},
{
  "MetroName": "Chico CA Metro Area"
},
{
  "MetroName": "Chillicothe OH Micro Area"
},
{
  "MetroName": "Cincinnati OH-KY-IN Metro Area"
},
{
  "MetroName": "Clarksburg WV Micro Area"
},
{
  "MetroName": "Clarksdale MS Micro Area"
},
{
  "MetroName": "Clarksville TN-KY Metro Area"
},
{
  "MetroName": "Clearlake CA Micro Area"
},
{
  "MetroName": "Cleveland MS Micro Area"
},
{
  "MetroName": "Cleveland TN Metro Area"
},
{
  "MetroName": "Cleveland-Elyria OH Metro Area"
},
{
  "MetroName": "Clewiston FL Micro Area"
},
{
  "MetroName": "Clinton IA Micro Area"
},
{
  "MetroName": "Clovis NM Micro Area"
},
{
  "MetroName": "Coeur d'Alene ID Metro Area"
},
{
  "MetroName": "Coffeyville KS Micro Area"
},
{
  "MetroName": "Coldwater MI Micro Area"
},
{
  "MetroName": "College Station-Bryan TX Metro Area"
},
{
  "MetroName": "Colorado Springs CO Metro Area"
},
{
  "MetroName": "Columbia MO Metro Area"
},
{
  "MetroName": "Columbia SC Metro Area"
},
{
  "MetroName": "Columbus GA-AL Metro Area"
},
{
  "MetroName": "Columbus IN Metro Area"
},
{
  "MetroName": "Columbus MS Micro Area"
},
{
  "MetroName": "Columbus NE Micro Area"
},
{
  "MetroName": "Columbus OH Metro Area"
},
{
  "MetroName": "Concord NH Micro Area"
},
{
  "MetroName": "Connersville IN Micro Area"
},
{
  "MetroName": "Cookeville TN Micro Area"
},
{
  "MetroName": "Coos Bay OR Micro Area"
},
{
  "MetroName": "Cordele GA Micro Area"
},
{
  "MetroName": "Corinth MS Micro Area"
},
{
  "MetroName": "Cornelia GA Micro Area"
},
{
  "MetroName": "Corning NY Micro Area"
},
{
  "MetroName": "Corpus Christi TX Metro Area"
},
{
  "MetroName": "Corsicana TX Micro Area"
},
{
  "MetroName": "Cortland NY Micro Area"
},
{
  "MetroName": "Corvallis OR Metro Area"
},
{
  "MetroName": "Coshocton OH Micro Area"
},
{
  "MetroName": "Craig CO Micro Area"
},
{
  "MetroName": "Crawfordsville IN Micro Area"
},
{
  "MetroName": "Crescent City CA Micro Area"
},
{
  "MetroName": "Crestview-Fort Walton Beach-Destin FL Metro Area"
},
{
  "MetroName": "Crossville TN Micro Area"
},
{
  "MetroName": "Cullman AL Micro Area"
},
{
  "MetroName": "Cullowhee NC Micro Area"
},
{
  "MetroName": "Cumberland MD-WV Metro Area"
},
{
  "MetroName": "Dallas-Fort Worth-Arlington TX Metro Area"
},
{
  "MetroName": "Dalton GA Metro Area"
},
{
  "MetroName": "Danville IL Metro Area"
},
{
  "MetroName": "Danville KY Micro Area"
},
{
  "MetroName": "Danville VA Micro Area"
},
{
  "MetroName": "Daphne-Fairhope-Foley AL Metro Area"
},
{
  "MetroName": "Davenport-Moline-Rock Island IA-IL Metro Area"
},
{
  "MetroName": "Dayton TN Micro Area"
},
{
  "MetroName": "Dayton-Kettering OH Metro Area"
},
{
  "MetroName": "DeRidder LA Micro Area"
},
{
  "MetroName": "Decatur AL Metro Area"
},
{
  "MetroName": "Decatur IL Metro Area"
},
{
  "MetroName": "Decatur IN Micro Area"
},
{
  "MetroName": "Defiance OH Micro Area"
},
{
  "MetroName": "Del Rio TX Micro Area"
},
{
  "MetroName": "Deltona-Daytona Beach-Ormond Beach FL Metro Area"
},
{
  "MetroName": "Deming NM Micro Area"
},
{
  "MetroName": "Denver-Aurora-Lakewood CO Metro Area"
},
{
  "MetroName": "Des Moines-West Des Moines IA Metro Area"
},
{
  "MetroName": "Detroit-Warren-Dearborn MI Metro Area"
},
{
  "MetroName": "Dickinson ND Micro Area"
},
{
  "MetroName": "Dixon IL Micro Area"
},
{
  "MetroName": "Dodge City KS Micro Area"
},
{
  "MetroName": "Dothan AL Metro Area"
},
{
  "MetroName": "Douglas GA Micro Area"
},
{
  "MetroName": "Dover DE Metro Area"
},
{
  "MetroName": "DuBois PA Micro Area"
},
{
  "MetroName": "Dublin GA Micro Area"
},
{
  "MetroName": "Dubuque IA Metro Area"
},
{
  "MetroName": "Duluth MN-WI Metro Area"
},
{
  "MetroName": "Dumas TX Micro Area"
},
{
  "MetroName": "Duncan OK Micro Area"
},
{
  "MetroName": "Durango CO Micro Area"
},
{
  "MetroName": "Durant OK Micro Area"
},
{
  "MetroName": "Durham-Chapel Hill NC Metro Area"
},
{
  "MetroName": "Dyersburg TN Micro Area"
},
{
  "MetroName": "Eagle Pass TX Micro Area"
},
{
  "MetroName": "East Stroudsburg PA Metro Area"
},
{
  "MetroName": "Easton MD Micro Area"
},
{
  "MetroName": "Eau Claire WI Metro Area"
},
{
  "MetroName": "Edwards CO Micro Area"
},
{
  "MetroName": "Effingham IL Micro Area"
},
{
  "MetroName": "El Campo TX Micro Area"
},
{
  "MetroName": "El Centro CA Metro Area"
},
{
  "MetroName": "El Dorado AR Micro Area"
},
{
  "MetroName": "El Paso TX Metro Area"
},
{
  "MetroName": "Elizabeth City NC Micro Area"
},
{
  "MetroName": "Elizabethtown-Fort Knox KY Metro Area"
},
{
  "MetroName": "Elk City OK Micro Area"
},
{
  "MetroName": "Elkhart-Goshen IN Metro Area"
},
{
  "MetroName": "Elkins WV Micro Area"
},
{
  "MetroName": "Elko NV Micro Area"
},
{
  "MetroName": "Ellensburg WA Micro Area"
},
{
  "MetroName": "Elmira NY Metro Area"
},
{
  "MetroName": "Emporia KS Micro Area"
},
{
  "MetroName": "Enid OK Metro Area"
},
{
  "MetroName": "Enterprise AL Micro Area"
},
{
  "MetroName": "Erie PA Metro Area"
},
{
  "MetroName": "Escanaba MI Micro Area"
},
{
  "MetroName": "Espa�ola NM Micro Area"
},
{
  "MetroName": "Eufaula AL-GA Micro Area"
},
{
  "MetroName": "Eugene-Springfield OR Metro Area"
},
{
  "MetroName": "Eureka-Arcata CA Micro Area"
},
{
  "MetroName": "Evanston WY Micro Area"
},
{
  "MetroName": "Evansville IN-KY Metro Area"
},
{
  "MetroName": "Fairbanks AK Metro Area"
},
{
  "MetroName": "Fairfield IA Micro Area"
},
{
  "MetroName": "Fairmont MN Micro Area"
},
{
  "MetroName": "Fairmont WV Micro Area"
},
{
  "MetroName": "Fallon NV Micro Area"
},
{
  "MetroName": "Fargo ND-MN Metro Area"
},
{
  "MetroName": "Faribault-Northfield MN Micro Area"
},
{
  "MetroName": "Farmington MO Micro Area"
},
{
  "MetroName": "Farmington NM Metro Area"
},
{
  "MetroName": "Fayetteville NC Metro Area"
},
{
  "MetroName": "Fayetteville-Springdale-Rogers AR Metro Area"
},
{
  "MetroName": "Fergus Falls MN Micro Area"
},
{
  "MetroName": "Fernley NV Micro Area"
},
{
  "MetroName": "Findlay OH Micro Area"
},
{
  "MetroName": "Fitzgerald GA Micro Area"
},
{
  "MetroName": "Flagstaff AZ Metro Area"
},
{
  "MetroName": "Flint MI Metro Area"
},
{
  "MetroName": "Florence SC Metro Area"
},
{
  "MetroName": "Florence-Muscle Shoals AL Metro Area"
},
{
  "MetroName": "Fond du Lac WI Metro Area"
},
{
  "MetroName": "Forest City NC Micro Area"
},
{
  "MetroName": "Forrest City AR Micro Area"
},
{
  "MetroName": "Fort Collins CO Metro Area"
},
{
  "MetroName": "Fort Dodge IA Micro Area"
},
{
  "MetroName": "Fort Leonard Wood MO Micro Area"
},
{
  "MetroName": "Fort Madison-Keokuk IA-IL-MO Micro Area"
},
{
  "MetroName": "Fort Morgan CO Micro Area"
},
{
  "MetroName": "Fort Payne AL Micro Area"
},
{
  "MetroName": "Fort Polk South LA Micro Area"
},
{
  "MetroName": "Fort Smith AR-OK Metro Area"
},
{
  "MetroName": "Fort Wayne IN Metro Area"
},
{
  "MetroName": "Frankfort IN Micro Area"
},
{
  "MetroName": "Frankfort KY Micro Area"
},
{
  "MetroName": "Fredericksburg TX Micro Area"
},
{
  "MetroName": "Freeport IL Micro Area"
},
{
  "MetroName": "Fremont NE Micro Area"
},
{
  "MetroName": "Fremont OH Micro Area"
},
{
  "MetroName": "Fresno CA Metro Area"
},
{
  "MetroName": "Gadsden AL Metro Area"
},
{
  "MetroName": "Gaffney SC Micro Area"
},
{
  "MetroName": "Gainesville FL Metro Area"
},
{
  "MetroName": "Gainesville GA Metro Area"
},
{
  "MetroName": "Gainesville TX Micro Area"
},
{
  "MetroName": "Galesburg IL Micro Area"
},
{
  "MetroName": "Gallup NM Micro Area"
},
{
  "MetroName": "Garden City KS Micro Area"
},
{
  "MetroName": "Gardnerville Ranchos NV Micro Area"
},
{
  "MetroName": "Georgetown SC Micro Area"
},
{
  "MetroName": "Gettysburg PA Metro Area"
},
{
  "MetroName": "Gillette WY Micro Area"
},
{
  "MetroName": "Glasgow KY Micro Area"
},
{
  "MetroName": "Glens Falls NY Metro Area"
},
{
  "MetroName": "Glenwood Springs CO Micro Area"
},
{
  "MetroName": "Gloversville NY Micro Area"
},
{
  "MetroName": "Goldsboro NC Metro Area"
},
{
  "MetroName": "Granbury TX Micro Area"
},
{
  "MetroName": "Grand Forks ND-MN Metro Area"
},
{
  "MetroName": "Grand Island NE Metro Area"
},
{
  "MetroName": "Grand Junction CO Metro Area"
},
{
  "MetroName": "Grand Rapids MN Micro Area"
},
{
  "MetroName": "Grand Rapids-Kentwood MI Metro Area"
},
{
  "MetroName": "Grants NM Micro Area"
},
{
  "MetroName": "Grants Pass OR Metro Area"
},
{
  "MetroName": "Great Bend KS Micro Area"
},
{
  "MetroName": "Great Falls MT Metro Area"
},
{
  "MetroName": "Greeley CO Metro Area"
},
{
  "MetroName": "Green Bay WI Metro Area"
},
{
  "MetroName": "Greeneville TN Micro Area"
},
{
  "MetroName": "Greensboro-High Point NC Metro Area"
},
{
  "MetroName": "Greensburg IN Micro Area"
},
{
  "MetroName": "Greenville MS Micro Area"
},
{
  "MetroName": "Greenville NC Metro Area"
},
{
  "MetroName": "Greenville OH Micro Area"
},
{
  "MetroName": "Greenville-Anderson SC Metro Area"
},
{
  "MetroName": "Greenwood MS Micro Area"
},
{
  "MetroName": "Greenwood SC Micro Area"
},
{
  "MetroName": "Grenada MS Micro Area"
},
{
  "MetroName": "Gulfport-Biloxi MS Metro Area"
},
{
  "MetroName": "Guymon OK Micro Area"
},
{
  "MetroName": "Hagerstown-Martinsburg MD-WV Metro Area"
},
{
  "MetroName": "Hailey ID Micro Area"
},
{
  "MetroName": "Hammond LA Metro Area"
},
{
  "MetroName": "Hanford-Corcoran CA Metro Area"
},
{
  "MetroName": "Hannibal MO Micro Area"
},
{
  "MetroName": "Harrisburg-Carlisle PA Metro Area"
},
{
  "MetroName": "Harrison AR Micro Area"
},
{
  "MetroName": "Harrisonburg VA Metro Area"
},
{
  "MetroName": "Hartford-East Hartford-Middletown CT Metro Area"
},
{
  "MetroName": "Hastings NE Micro Area"
},
{
  "MetroName": "Hattiesburg MS Metro Area"
},
{
  "MetroName": "Hays KS Micro Area"
},
{
  "MetroName": "Heber UT Micro Area"
},
{
  "MetroName": "Helena MT Micro Area"
},
{
  "MetroName": "Helena-West Helena AR Micro Area"
},
{
  "MetroName": "Henderson NC Micro Area"
},
{
  "MetroName": "Hereford TX Micro Area"
},
{
  "MetroName": "Hermiston-Pendleton OR Micro Area"
},
{
  "MetroName": "Hickory-Lenoir-Morganton NC Metro Area"
},
{
  "MetroName": "Hillsdale MI Micro Area"
},
{
  "MetroName": "Hilo HI Micro Area"
},
{
  "MetroName": "Hilton Head Island-Bluffton SC Metro Area"
},
{
  "MetroName": "Hinesville GA Metro Area"
},
{
  "MetroName": "Hobbs NM Micro Area"
},
{
  "MetroName": "Holland MI Micro Area"
},
{
  "MetroName": "Homosassa Springs FL Metro Area"
},
{
  "MetroName": "Hood River OR Micro Area"
},
{
  "MetroName": "Hope AR Micro Area"
},
{
  "MetroName": "Hot Springs AR Metro Area"
},
{
  "MetroName": "Houghton MI Micro Area"
},
{
  "MetroName": "Houma-Thibodaux LA Metro Area"
},
{
  "MetroName": "Houston-The Woodlands-Sugar Land TX Metro Area"
},
{
  "MetroName": "Hudson NY Micro Area"
},
{
  "MetroName": "Huntingdon PA Micro Area"
},
{
  "MetroName": "Huntington IN Micro Area"
},
{
  "MetroName": "Huntington-Ashland WV-KY-OH Metro Area"
},
{
  "MetroName": "Huntsville AL Metro Area"
},
{
  "MetroName": "Huntsville TX Micro Area"
},
{
  "MetroName": "Huron SD Micro Area"
},
{
  "MetroName": "Hutchinson KS Micro Area"
},
{
  "MetroName": "Hutchinson MN Micro Area"
},
{
  "MetroName": "Idaho Falls ID Metro Area"
},
{
  "MetroName": "Indiana PA Micro Area"
},
{
  "MetroName": "Indianapolis-Carmel-Anderson IN Metro Area"
},
{
  "MetroName": "Indianola MS Micro Area"
},
{
  "MetroName": "Iowa City IA Metro Area"
},
{
  "MetroName": "Iron Mountain MI-WI Micro Area"
},
{
  "MetroName": "Ithaca NY Metro Area"
},
{
  "MetroName": "Jackson MI Metro Area"
},
{
  "MetroName": "Jackson MS Metro Area"
},
{
  "MetroName": "Jackson OH Micro Area"
},
{
  "MetroName": "Jackson TN Metro Area"
},
{
  "MetroName": "Jackson WY-ID Micro Area"
},
{
  "MetroName": "Jacksonville FL Metro Area"
},
{
  "MetroName": "Jacksonville IL Micro Area"
},
{
  "MetroName": "Jacksonville NC Metro Area"
},
{
  "MetroName": "Jacksonville TX Micro Area"
},
{
  "MetroName": "Jamestown ND Micro Area"
},
{
  "MetroName": "Jamestown-Dunkirk-Fredonia NY Micro Area"
},
{
  "MetroName": "Janesville-Beloit WI Metro Area"
},
{
  "MetroName": "Jasper AL Micro Area"
},
{
  "MetroName": "Jasper IN Micro Area"
},
{
  "MetroName": "Jefferson City MO Metro Area"
},
{
  "MetroName": "Jefferson GA Micro Area"
},
{
  "MetroName": "Jennings LA Micro Area"
},
{
  "MetroName": "Jesup GA Micro Area"
},
{
  "MetroName": "Johnson City TN Metro Area"
},
{
  "MetroName": "Johnstown PA Metro Area"
},
{
  "MetroName": "Jonesboro AR Metro Area"
},
{
  "MetroName": "Joplin MO Metro Area"
},
{
  "MetroName": "Juneau AK Micro Area"
},
{
  "MetroName": "Kahului-Wailuku-Lahaina HI Metro Area"
},
{
  "MetroName": "Kalamazoo-Portage MI Metro Area"
},
{
  "MetroName": "Kalispell MT Micro Area"
},
{
  "MetroName": "Kankakee IL Metro Area"
},
{
  "MetroName": "Kansas City MO-KS Metro Area"
},
{
  "MetroName": "Kapaa HI Micro Area"
},
{
  "MetroName": "Kearney NE Micro Area"
},
{
  "MetroName": "Keene NH Micro Area"
},
{
  "MetroName": "Kendallville IN Micro Area"
},
{
  "MetroName": "Kennett MO Micro Area"
},
{
  "MetroName": "Kennewick-Richland WA Metro Area"
},
{
  "MetroName": "Kerrville TX Micro Area"
},
{
  "MetroName": "Ketchikan AK Micro Area"
},
{
  "MetroName": "Key West FL Micro Area"
},
{
  "MetroName": "Kill Devil Hills NC Micro Area"
},
{
  "MetroName": "Killeen-Temple TX Metro Area"
},
{
  "MetroName": "Kingsport-Bristol TN-VA Metro Area"
},
{
  "MetroName": "Kingston NY Metro Area"
},
{
  "MetroName": "Kingsville TX Micro Area"
},
{
  "MetroName": "Kinston NC Micro Area"
},
{
  "MetroName": "Kirksville MO Micro Area"
},
{
  "MetroName": "Klamath Falls OR Micro Area"
},
{
  "MetroName": "Knoxville TN Metro Area"
},
{
  "MetroName": "Kokomo IN Metro Area"
},
{
  "MetroName": "La Crosse-Onalaska WI-MN Metro Area"
},
{
  "MetroName": "La Grande OR Micro Area"
},
{
  "MetroName": "LaGrange GA-AL Micro Area"
},
{
  "MetroName": "Laconia NH Micro Area"
},
{
  "MetroName": "Lafayette LA Metro Area"
},
{
  "MetroName": "Lafayette-West Lafayette IN Metro Area"
},
{
  "MetroName": "Lake Charles LA Metro Area"
},
{
  "MetroName": "Lake City FL Micro Area"
},
{
  "MetroName": "Lake Havasu City-Kingman AZ Metro Area"
},
{
  "MetroName": "Lakeland-Winter Haven FL Metro Area"
},
{
  "MetroName": "Lamesa TX Micro Area"
},
{
  "MetroName": "Lancaster PA Metro Area"
},
{
  "MetroName": "Lansing-East Lansing MI Metro Area"
},
{
  "MetroName": "Laramie WY Micro Area"
},
{
  "MetroName": "Laredo TX Metro Area"
},
{
  "MetroName": "Las Cruces NM Metro Area"
},
{
  "MetroName": "Las Vegas NM Micro Area"
},
{
  "MetroName": "Las Vegas-Henderson-Paradise NV Metro Area"
},
{
  "MetroName": "Laurel MS Micro Area"
},
{
  "MetroName": "Laurinburg NC Micro Area"
},
{
  "MetroName": "Lawrence KS Metro Area"
},
{
  "MetroName": "Lawrenceburg TN Micro Area"
},
{
  "MetroName": "Lawton OK Metro Area"
},
{
  "MetroName": "Lebanon MO Micro Area"
},
{
  "MetroName": "Lebanon NH-VT Micro Area"
},
{
  "MetroName": "Lebanon PA Metro Area"
},
{
  "MetroName": "Levelland TX Micro Area"
},
{
  "MetroName": "Lewisburg PA Micro Area"
},
{
  "MetroName": "Lewisburg TN Micro Area"
},
{
  "MetroName": "Lewiston ID-WA Metro Area"
},
{
  "MetroName": "Lewiston-Auburn ME Metro Area"
},
{
  "MetroName": "Lewistown PA Micro Area"
},
{
  "MetroName": "Lexington NE Micro Area"
},
{
  "MetroName": "Lexington-Fayette KY Metro Area"
},
{
  "MetroName": "Liberal KS Micro Area"
},
{
  "MetroName": "Lima OH Metro Area"
},
{
  "MetroName": "Lincoln IL Micro Area"
},
{
  "MetroName": "Lincoln NE Metro Area"
},
{
  "MetroName": "Little Rock-North Little Rock-Conway AR Metro Area"
},
{
  "MetroName": "Lock Haven PA Micro Area"
},
{
  "MetroName": "Logan UT-ID Metro Area"
},
{
  "MetroName": "Logansport IN Micro Area"
},
{
  "MetroName": "London KY Micro Area"
},
{
  "MetroName": "Longview TX Metro Area"
},
{
  "MetroName": "Longview WA Metro Area"
},
{
  "MetroName": "Los Alamos NM Micro Area"
},
{
  "MetroName": "Los Angeles-Long Beach-Anaheim CA Metro Area"
},
{
  "MetroName": "Louisville/Jefferson County KY-IN Metro Area"
},
{
  "MetroName": "Lubbock TX Metro Area"
},
{
  "MetroName": "Ludington MI Micro Area"
},
{
  "MetroName": "Lufkin TX Micro Area"
},
{
  "MetroName": "Lumberton NC Micro Area"
},
{
  "MetroName": "Lynchburg VA Metro Area"
},
{
  "MetroName": "Macomb IL Micro Area"
},
{
  "MetroName": "Macon-Bibb County GA Metro Area"
},
{
  "MetroName": "Madera CA Metro Area"
},
{
  "MetroName": "Madison IN Micro Area"
},
{
  "MetroName": "Madison WI Metro Area"
},
{
  "MetroName": "Madisonville KY Micro Area"
},
{
  "MetroName": "Magnolia AR Micro Area"
},
{
  "MetroName": "Malone NY Micro Area"
},
{
  "MetroName": "Malvern AR Micro Area"
},
{
  "MetroName": "Manchester-Nashua NH Metro Area"
},
{
  "MetroName": "Manhattan KS Metro Area"
},
{
  "MetroName": "Manitowoc WI Micro Area"
},
{
  "MetroName": "Mankato MN Metro Area"
},
{
  "MetroName": "Mansfield OH Metro Area"
},
{
  "MetroName": "Marietta OH Micro Area"
},
{
  "MetroName": "Marinette WI-MI Micro Area"
},
{
  "MetroName": "Marion IN Micro Area"
},
{
  "MetroName": "Marion NC Micro Area"
},
{
  "MetroName": "Marion OH Micro Area"
},
{
  "MetroName": "Marquette MI Micro Area"
},
{
  "MetroName": "Marshall MN Micro Area"
},
{
  "MetroName": "Marshall MO Micro Area"
},
{
  "MetroName": "Marshalltown IA Micro Area"
},
{
  "MetroName": "Martin TN Micro Area"
},
{
  "MetroName": "Martinsville VA Micro Area"
},
{
  "MetroName": "Maryville MO Micro Area"
},
{
  "MetroName": "Mason City IA Micro Area"
},
{
  "MetroName": "Mayfield KY Micro Area"
},
{
  "MetroName": "Maysville KY Micro Area"
},
{
  "MetroName": "McAlester OK Micro Area"
},
{
  "MetroName": "McAllen-Edinburg-Mission TX Metro Area"
},
{
  "MetroName": "McComb MS Micro Area"
},
{
  "MetroName": "McMinnville TN Micro Area"
},
{
  "MetroName": "McPherson KS Micro Area"
},
{
  "MetroName": "Meadville PA Micro Area"
},
{
  "MetroName": "Medford OR Metro Area"
},
{
  "MetroName": "Memphis TN-MS-AR Metro Area"
},
{
  "MetroName": "Menomonie WI Micro Area"
},
{
  "MetroName": "Merced CA Metro Area"
},
{
  "MetroName": "Meridian MS Micro Area"
},
{
  "MetroName": "Mexico MO Micro Area"
},
{
  "MetroName": "Miami OK Micro Area"
},
{
  "MetroName": "Miami-Fort Lauderdale-Pompano Beach FL Metro Area"
},
{
  "MetroName": "Michigan City-La Porte IN Metro Area"
},
{
  "MetroName": "Middlesborough KY Micro Area"
},
{
  "MetroName": "Midland MI Metro Area"
},
{
  "MetroName": "Midland TX Metro Area"
},
{
  "MetroName": "Milledgeville GA Micro Area"
},
{
  "MetroName": "Milwaukee-Waukesha WI Metro Area"
},
{
  "MetroName": "Minden LA Micro Area"
},
{
  "MetroName": "Mineral Wells TX Micro Area"
},
{
  "MetroName": "Minneapolis-St. Paul-Bloomington MN-WI Metro Area"
},
{
  "MetroName": "Minot ND Micro Area"
},
{
  "MetroName": "Missoula MT Metro Area"
},
{
  "MetroName": "Mitchell SD Micro Area"
},
{
  "MetroName": "Moberly MO Micro Area"
},
{
  "MetroName": "Mobile AL Metro Area"
},
{
  "MetroName": "Modesto CA Metro Area"
},
{
  "MetroName": "Monroe LA Metro Area"
},
{
  "MetroName": "Monroe MI Metro Area"
},
{
  "MetroName": "Montgomery AL Metro Area"
},
{
  "MetroName": "Montrose CO Micro Area"
},
{
  "MetroName": "Morehead City NC Micro Area"
},
{
  "MetroName": "Morgan City LA Micro Area"
},
{
  "MetroName": "Morgantown WV Metro Area"
},
{
  "MetroName": "Morristown TN Metro Area"
},
{
  "MetroName": "Moscow ID Micro Area"
},
{
  "MetroName": "Moses Lake WA Micro Area"
},
{
  "MetroName": "Moultrie GA Micro Area"
},
{
  "MetroName": "Mount Airy NC Micro Area"
},
{
  "MetroName": "Mount Gay-Shamrock WV Micro Area"
},
{
  "MetroName": "Mount Pleasant MI Micro Area"
},
{
  "MetroName": "Mount Pleasant TX Micro Area"
},
{
  "MetroName": "Mount Sterling KY Micro Area"
},
{
  "MetroName": "Mount Vernon IL Micro Area"
},
{
  "MetroName": "Mount Vernon OH Micro Area"
},
{
  "MetroName": "Mount Vernon-Anacortes WA Metro Area"
},
{
  "MetroName": "Mountain Home AR Micro Area"
},
{
  "MetroName": "Mountain Home ID Micro Area"
},
{
  "MetroName": "Muncie IN Metro Area"
},
{
  "MetroName": "Murray KY Micro Area"
},
{
  "MetroName": "Muscatine IA Micro Area"
},
{
  "MetroName": "Muskegon MI Metro Area"
},
{
  "MetroName": "Muskogee OK Micro Area"
},
{
  "MetroName": "Myrtle Beach-Conway-North Myrtle Beach SC-NC Metro Area"
},
{
  "MetroName": "Nacogdoches TX Micro Area"
},
{
  "MetroName": "Napa CA Metro Area"
},
{
  "MetroName": "Naples-Marco Island FL Metro Area"
},
{
  "MetroName": "Nashville-Davidson--Murfreesboro--Franklin TN Metro Area"
},
{
  "MetroName": "Natchez MS-LA Micro Area"
},
{
  "MetroName": "Natchitoches LA Micro Area"
},
{
  "MetroName": "New Bern NC Metro Area"
},
{
  "MetroName": "New Castle IN Micro Area"
},
{
  "MetroName": "New Castle PA Micro Area"
},
{
  "MetroName": "New Haven-Milford CT Metro Area"
},
{
  "MetroName": "New Orleans-Metairie LA Metro Area"
},
{
  "MetroName": "New Philadelphia-Dover OH Micro Area"
},
{
  "MetroName": "New Ulm MN Micro Area"
},
{
  "MetroName": "New York-Newark-Jersey City NY-NJ-PA Metro Area"
},
{
  "MetroName": "Newberry SC Micro Area"
},
{
  "MetroName": "Newport OR Micro Area"
},
{
  "MetroName": "Newport TN Micro Area"
},
{
  "MetroName": "Niles MI Metro Area"
},
{
  "MetroName": "Nogales AZ Micro Area"
},
{
  "MetroName": "Norfolk NE Micro Area"
},
{
  "MetroName": "North Platte NE Micro Area"
},
{
  "MetroName": "North Port-Sarasota-Bradenton FL Metro Area"
},
{
  "MetroName": "North Vernon IN Micro Area"
},
{
  "MetroName": "North Wilkesboro NC Micro Area"
},
{
  "MetroName": "Norwalk OH Micro Area"
},
{
  "MetroName": "Norwich-New London CT Metro Area"
},
{
  "MetroName": "Oak Harbor WA Micro Area"
},
{
  "MetroName": "Ocala FL Metro Area"
},
{
  "MetroName": "Ocean City NJ Metro Area"
},
{
  "MetroName": "Odessa TX Metro Area"
},
{
  "MetroName": "Ogden-Clearfield UT Metro Area"
},
{
  "MetroName": "Ogdensburg-Massena NY Micro Area"
},
{
  "MetroName": "Oil City PA Micro Area"
},
{
  "MetroName": "Okeechobee FL Micro Area"
},
{
  "MetroName": "Oklahoma City OK Metro Area"
},
{
  "MetroName": "Olean NY Micro Area"
},
{
  "MetroName": "Olympia-Lacey-Tumwater WA Metro Area"
},
{
  "MetroName": "Omaha-Council Bluffs NE-IA Metro Area"
},
{
  "MetroName": "Oneonta NY Micro Area"
},
{
  "MetroName": "Ontario OR-ID Micro Area"
},
{
  "MetroName": "Opelousas LA Micro Area"
},
{
  "MetroName": "Orangeburg SC Micro Area"
},
{
  "MetroName": "Orlando-Kissimmee-Sanford FL Metro Area"
},
{
  "MetroName": "Oshkosh-Neenah WI Metro Area"
},
{
  "MetroName": "Oskaloosa IA Micro Area"
},
{
  "MetroName": "Othello WA Micro Area"
},
{
  "MetroName": "Ottawa IL Micro Area"
},
{
  "MetroName": "Ottawa KS Micro Area"
},
{
  "MetroName": "Ottumwa IA Micro Area"
},
{
  "MetroName": "Owatonna MN Micro Area"
},
{
  "MetroName": "Owensboro KY Metro Area"
},
{
  "MetroName": "Oxford MS Micro Area"
},
{
  "MetroName": "Oxnard-Thousand Oaks-Ventura CA Metro Area"
},
{
  "MetroName": "Ozark AL Micro Area"
},
{
  "MetroName": "Paducah KY-IL Micro Area"
},
{
  "MetroName": "Pahrump NV Micro Area"
},
{
  "MetroName": "Palatka FL Micro Area"
},
{
  "MetroName": "Palestine TX Micro Area"
},
{
  "MetroName": "Palm Bay-Melbourne-Titusville FL Metro Area"
},
{
  "MetroName": "Pampa TX Micro Area"
},
{
  "MetroName": "Panama City FL Metro Area"
},
{
  "MetroName": "Paragould AR Micro Area"
},
{
  "MetroName": "Paris TN Micro Area"
},
{
  "MetroName": "Paris TX Micro Area"
},
{
  "MetroName": "Parkersburg-Vienna WV Metro Area"
},
{
  "MetroName": "Parsons KS Micro Area"
},
{
  "MetroName": "Payson AZ Micro Area"
},
{
  "MetroName": "Pearsall TX Micro Area"
},
{
  "MetroName": "Pecos TX Micro Area"
},
{
  "MetroName": "Pella IA Micro Area"
},
{
  "MetroName": "Pensacola-Ferry Pass-Brent FL Metro Area"
},
{
  "MetroName": "Peoria IL Metro Area"
},
{
  "MetroName": "Peru IN Micro Area"
},
{
  "MetroName": "Philadelphia-Camden-Wilmington PA-NJ-DE-MD Metro Area"
},
{
  "MetroName": "Phoenix-Mesa-Chandler AZ Metro Area"
},
{
  "MetroName": "Picayune MS Micro Area"
},
{
  "MetroName": "Pierre SD Micro Area"
},
{
  "MetroName": "Pine Bluff AR Metro Area"
},
{
  "MetroName": "Pinehurst-Southern Pines NC Micro Area"
},
{
  "MetroName": "Pittsburg KS Micro Area"
},
{
  "MetroName": "Pittsburgh PA Metro Area"
},
{
  "MetroName": "Pittsfield MA Metro Area"
},
{
  "MetroName": "Plainview TX Micro Area"
},
{
  "MetroName": "Platteville WI Micro Area"
},
{
  "MetroName": "Plattsburgh NY Micro Area"
},
{
  "MetroName": "Plymouth IN Micro Area"
},
{
  "MetroName": "Pocatello ID Metro Area"
},
{
  "MetroName": "Point Pleasant WV-OH Micro Area"
},
{
  "MetroName": "Ponca City OK Micro Area"
},
{
  "MetroName": "Pontiac IL Micro Area"
},
{
  "MetroName": "Poplar Bluff MO Micro Area"
},
{
  "MetroName": "Port Angeles WA Micro Area"
},
{
  "MetroName": "Port Lavaca TX Micro Area"
},
{
  "MetroName": "Port St. Lucie FL Metro Area"
},
{
  "MetroName": "Portales NM Micro Area"
},
{
  "MetroName": "Portland-South Portland ME Metro Area"
},
{
  "MetroName": "Portland-Vancouver-Hillsboro OR-WA Metro Area"
},
{
  "MetroName": "Portsmouth OH Micro Area"
},
{
  "MetroName": "Pottsville PA Micro Area"
},
{
  "MetroName": "Poughkeepsie-Newburgh-Middletown NY Metro Area"
},
{
  "MetroName": "Prescott Valley-Prescott AZ Metro Area"
},
{
  "MetroName": "Price UT Micro Area"
},
{
  "MetroName": "Prineville OR Micro Area"
},
{
  "MetroName": "Providence-Warwick RI-MA Metro Area"
},
{
  "MetroName": "Provo-Orem UT Metro Area"
},
{
  "MetroName": "Pueblo CO Metro Area"
},
{
  "MetroName": "Pullman WA Micro Area"
},
{
  "MetroName": "Punta Gorda FL Metro Area"
},
{
  "MetroName": "Quincy IL-MO Micro Area"
},
{
  "MetroName": "Racine WI Metro Area"
},
{
  "MetroName": "Raleigh-Cary NC Metro Area"
},
{
  "MetroName": "Rapid City SD Metro Area"
},
{
  "MetroName": "Raymondville TX Micro Area"
},
{
  "MetroName": "Reading PA Metro Area"
},
{
  "MetroName": "Red Bluff CA Micro Area"
},
{
  "MetroName": "Red Wing MN Micro Area"
},
{
  "MetroName": "Redding CA Metro Area"
},
{
  "MetroName": "Reno NV Metro Area"
},
{
  "MetroName": "Rexburg ID Micro Area"
},
{
  "MetroName": "Richmond IN Micro Area"
},
{
  "MetroName": "Richmond VA Metro Area"
},
{
  "MetroName": "Richmond-Berea KY Micro Area"
},
{
  "MetroName": "Rio Grande City-Roma TX Micro Area"
},
{
  "MetroName": "Riverside-San Bernardino-Ontario CA Metro Area"
},
{
  "MetroName": "Riverton WY Micro Area"
},
{
  "MetroName": "Roanoke Rapids NC Micro Area"
},
{
  "MetroName": "Roanoke VA Metro Area"
},
{
  "MetroName": "Rochelle IL Micro Area"
},
{
  "MetroName": "Rochester MN Metro Area"
},
{
  "MetroName": "Rochester NY Metro Area"
},
{
  "MetroName": "Rock Springs WY Micro Area"
},
{
  "MetroName": "Rockford IL Metro Area"
},
{
  "MetroName": "Rockingham NC Micro Area"
},
{
  "MetroName": "Rockport TX Micro Area"
},
{
  "MetroName": "Rocky Mount NC Metro Area"
},
{
  "MetroName": "Rolla MO Micro Area"
},
{
  "MetroName": "Rome GA Metro Area"
},
{
  "MetroName": "Roseburg OR Micro Area"
},
{
  "MetroName": "Roswell NM Micro Area"
},
{
  "MetroName": "Ruidoso NM Micro Area"
},
{
  "MetroName": "Russellville AR Micro Area"
},
{
  "MetroName": "Ruston LA Micro Area"
},
{
  "MetroName": "Rutland VT Micro Area"
},
{
  "MetroName": "Sacramento-Roseville-Folsom CA Metro Area"
},
{
  "MetroName": "Safford AZ Micro Area"
},
{
  "MetroName": "Saginaw MI Metro Area"
},
{
  "MetroName": "Salem OH Micro Area"
},
{
  "MetroName": "Salem OR Metro Area"
},
{
  "MetroName": "Salina KS Micro Area"
},
{
  "MetroName": "Salinas CA Metro Area"
},
{
  "MetroName": "Salisbury MD-DE Metro Area"
},
{
  "MetroName": "Salt Lake City UT Metro Area"
},
{
  "MetroName": "San Angelo TX Metro Area"
},
{
  "MetroName": "San Antonio-New Braunfels TX Metro Area"
},
{
  "MetroName": "San Diego-Chula Vista-Carlsbad CA Metro Area"
},
{
  "MetroName": "San Francisco-Oakland-Berkeley CA Metro Area"
},
{
  "MetroName": "San Jose-Sunnyvale-Santa Clara CA Metro Area"
},
{
  "MetroName": "San Luis Obispo-Paso Robles CA Metro Area"
},
{
  "MetroName": "Sandpoint ID Micro Area"
},
{
  "MetroName": "Sandusky OH Micro Area"
},
{
  "MetroName": "Sanford NC Micro Area"
},
{
  "MetroName": "Santa Cruz-Watsonville CA Metro Area"
},
{
  "MetroName": "Santa Fe NM Metro Area"
},
{
  "MetroName": "Santa Maria-Santa Barbara CA Metro Area"
},
{
  "MetroName": "Santa Rosa-Petaluma CA Metro Area"
},
{
  "MetroName": "Sault Ste. Marie MI Micro Area"
},
{
  "MetroName": "Savannah GA Metro Area"
},
{
  "MetroName": "Sayre PA Micro Area"
},
{
  "MetroName": "Scottsbluff NE Micro Area"
},
{
  "MetroName": "Scottsboro AL Micro Area"
},
{
  "MetroName": "Scottsburg IN Micro Area"
},
{
  "MetroName": "Scranton--Wilkes-Barre PA Metro Area"
},
{
  "MetroName": "Searcy AR Micro Area"
},
{
  "MetroName": "Seattle-Tacoma-Bellevue WA Metro Area"
},
{
  "MetroName": "Sebastian-Vero Beach FL Metro Area"
},
{
  "MetroName": "Sebring-Avon Park FL Metro Area"
},
{
  "MetroName": "Sedalia MO Micro Area"
},
{
  "MetroName": "Selinsgrove PA Micro Area"
},
{
  "MetroName": "Selma AL Micro Area"
},
{
  "MetroName": "Seneca Falls NY Micro Area"
},
{
  "MetroName": "Seneca SC Micro Area"
},
{
  "MetroName": "Sevierville TN Micro Area"
},
{
  "MetroName": "Seymour IN Micro Area"
},
{
  "MetroName": "Shawano WI Micro Area"
},
{
  "MetroName": "Shawnee OK Micro Area"
},
{
  "MetroName": "Sheboygan WI Metro Area"
},
{
  "MetroName": "Shelby NC Micro Area"
},
{
  "MetroName": "Shelbyville TN Micro Area"
},
{
  "MetroName": "Shelton WA Micro Area"
},
{
  "MetroName": "Sheridan WY Micro Area"
},
{
  "MetroName": "Sherman-Denison TX Metro Area"
},
{
  "MetroName": "Show Low AZ Micro Area"
},
{
  "MetroName": "Shreveport-Bossier City LA Metro Area"
},
{
  "MetroName": "Sidney OH Micro Area"
},
{
  "MetroName": "Sierra Vista-Douglas AZ Metro Area"
},
{
  "MetroName": "Sikeston MO Micro Area"
},
{
  "MetroName": "Silver City NM Micro Area"
},
{
  "MetroName": "Sioux City IA-NE-SD Metro Area"
},
{
  "MetroName": "Sioux Falls SD Metro Area"
},
{
  "MetroName": "Snyder TX Micro Area"
},
{
  "MetroName": "Somerset KY Micro Area"
},
{
  "MetroName": "Somerset PA Micro Area"
},
{
  "MetroName": "Sonora CA Micro Area"
},
{
  "MetroName": "South Bend-Mishawaka IN-MI Metro Area"
},
{
  "MetroName": "Spartanburg SC Metro Area"
},
{
  "MetroName": "Spearfish SD Micro Area"
},
{
  "MetroName": "Spencer IA Micro Area"
},
{
  "MetroName": "Spirit Lake IA Micro Area"
},
{
  "MetroName": "Spokane-Spokane Valley WA Metro Area"
},
{
  "MetroName": "Springfield IL Metro Area"
},
{
  "MetroName": "Springfield MA Metro Area"
},
{
  "MetroName": "Springfield MO Metro Area"
},
{
  "MetroName": "Springfield OH Metro Area"
},
{
  "MetroName": "St. Cloud MN Metro Area"
},
{
  "MetroName": "St. George UT Metro Area"
},
{
  "MetroName": "St. Joseph MO-KS Metro Area"
},
{
  "MetroName": "St. Louis MO-IL Metro Area"
},
{
  "MetroName": "St. Marys GA Micro Area"
},
{
  "MetroName": "St. Marys PA Micro Area"
},
{
  "MetroName": "Starkville MS Micro Area"
},
{
  "MetroName": "State College PA Metro Area"
},
{
  "MetroName": "Statesboro GA Micro Area"
},
{
  "MetroName": "Staunton VA Metro Area"
},
{
  "MetroName": "Steamboat Springs CO Micro Area"
},
{
  "MetroName": "Stephenville TX Micro Area"
},
{
  "MetroName": "Sterling CO Micro Area"
},
{
  "MetroName": "Sterling IL Micro Area"
},
{
  "MetroName": "Stevens Point WI Micro Area"
},
{
  "MetroName": "Stillwater OK Micro Area"
},
{
  "MetroName": "Stockton CA Metro Area"
},
{
  "MetroName": "Storm Lake IA Micro Area"
},
{
  "MetroName": "Sturgis MI Micro Area"
},
{
  "MetroName": "Sulphur Springs TX Micro Area"
},
{
  "MetroName": "Summerville GA Micro Area"
},
{
  "MetroName": "Sumter SC Metro Area"
},
{
  "MetroName": "Sunbury PA Micro Area"
},
{
  "MetroName": "Susanville CA Micro Area"
},
{
  "MetroName": "Sweetwater TX Micro Area"
},
{
  "MetroName": "Syracuse NY Metro Area"
},
{
  "MetroName": "Tahlequah OK Micro Area"
},
{
  "MetroName": "Talladega-Sylacauga AL Micro Area"
},
{
  "MetroName": "Tallahassee FL Metro Area"
},
{
  "MetroName": "Tampa-St. Petersburg-Clearwater FL Metro Area"
},
{
  "MetroName": "Taos NM Micro Area"
},
{
  "MetroName": "Taylorville IL Micro Area"
},
{
  "MetroName": "Terre Haute IN Metro Area"
},
{
  "MetroName": "Texarkana TX-AR Metro Area"
},
{
  "MetroName": "The Dalles OR Micro Area"
},
{
  "MetroName": "The Villages FL Metro Area"
},
{
  "MetroName": "Thomaston GA Micro Area"
},
{
  "MetroName": "Thomasville GA Micro Area"
},
{
  "MetroName": "Tiffin OH Micro Area"
},
{
  "MetroName": "Tifton GA Micro Area"
},
{
  "MetroName": "Toccoa GA Micro Area"
},
{
  "MetroName": "Toledo OH Metro Area"
},
{
  "MetroName": "Topeka KS Metro Area"
},
{
  "MetroName": "Torrington CT Micro Area"
},
{
  "MetroName": "Traverse City MI Micro Area"
},
{
  "MetroName": "Trenton-Princeton NJ Metro Area"
},
{
  "MetroName": "Troy AL Micro Area"
},
{
  "MetroName": "Truckee-Grass Valley CA Micro Area"
},
{
  "MetroName": "Tucson AZ Metro Area"
},
{
  "MetroName": "Tullahoma-Manchester TN Micro Area"
},
{
  "MetroName": "Tulsa OK Metro Area"
},
{
  "MetroName": "Tupelo MS Micro Area"
},
{
  "MetroName": "Tuscaloosa AL Metro Area"
},
{
  "MetroName": "Twin Falls ID Metro Area"
},
{
  "MetroName": "Tyler TX Metro Area"
},
{
  "MetroName": "Ukiah CA Micro Area"
},
{
  "MetroName": "Union City TN Micro Area"
},
{
  "MetroName": "Union SC Micro Area"
},
{
  "MetroName": "Urban Honolulu HI Metro Area"
},
{
  "MetroName": "Urbana OH Micro Area"
},
{
  "MetroName": "Utica-Rome NY Metro Area"
},
{
  "MetroName": "Uvalde TX Micro Area"
},
{
  "MetroName": "Valdosta GA Metro Area"
},
{
  "MetroName": "Vallejo CA Metro Area"
},
{
  "MetroName": "Van Wert OH Micro Area"
},
{
  "MetroName": "Vermillion SD Micro Area"
},
{
  "MetroName": "Vernal UT Micro Area"
},
{
  "MetroName": "Vernon TX Micro Area"
},
{
  "MetroName": "Vicksburg MS Micro Area"
},
{
  "MetroName": "Victoria TX Metro Area"
},
{
  "MetroName": "Vidalia GA Micro Area"
},
{
  "MetroName": "Vincennes IN Micro Area"
},
{
  "MetroName": "Vineland-Bridgeton NJ Metro Area"
},
{
  "MetroName": "Vineyard Haven MA Micro Area"
},
{
  "MetroName": "Virginia Beach-Norfolk-Newport News VA-NC Metro Area"
},
{
  "MetroName": "Visalia CA Metro Area"
},
{
  "MetroName": "Wabash IN Micro Area"
},
{
  "MetroName": "Waco TX Metro Area"
},
{
  "MetroName": "Wahpeton ND-MN Micro Area"
},
{
  "MetroName": "Walla Walla WA Metro Area"
},
{
  "MetroName": "Wapakoneta OH Micro Area"
},
{
  "MetroName": "Warner Robins GA Metro Area"
},
{
  "MetroName": "Warren PA Micro Area"
},
{
  "MetroName": "Warrensburg MO Micro Area"
},
{
  "MetroName": "Warsaw IN Micro Area"
},
{
  "MetroName": "Washington Court House OH Micro Area"
},
{
  "MetroName": "Washington IN Micro Area"
},
{
  "MetroName": "Washington NC Micro Area"
},
{
  "MetroName": "Washington-Arlington-Alexandria DC-VA-MD-WV Metro Area"
},
{
  "MetroName": "Waterloo-Cedar Falls IA Metro Area"
},
{
  "MetroName": "Watertown SD Micro Area"
},
{
  "MetroName": "Watertown-Fort Atkinson WI Micro Area"
},
{
  "MetroName": "Watertown-Fort Drum NY Metro Area"
},
{
  "MetroName": "Wauchula FL Micro Area"
},
{
  "MetroName": "Wausau-Weston WI Metro Area"
},
{
  "MetroName": "Waycross GA Micro Area"
},
{
  "MetroName": "Weatherford OK Micro Area"
},
{
  "MetroName": "Weirton-Steubenville WV-OH Metro Area"
},
{
  "MetroName": "Wenatchee WA Metro Area"
},
{
  "MetroName": "West Plains MO Micro Area"
},
{
  "MetroName": "West Point MS Micro Area"
},
{
  "MetroName": "Wheeling WV-OH Metro Area"
},
{
  "MetroName": "Whitewater WI Micro Area"
},
{
  "MetroName": "Wichita Falls TX Metro Area"
},
{
  "MetroName": "Wichita KS Metro Area"
},
{
  "MetroName": "Williamsport PA Metro Area"
},
{
  "MetroName": "Williston ND Micro Area"
},
{
  "MetroName": "Willmar MN Micro Area"
},
{
  "MetroName": "Wilmington NC Metro Area"
},
{
  "MetroName": "Wilmington OH Micro Area"
},
{
  "MetroName": "Wilson NC Micro Area"
},
{
  "MetroName": "Winchester VA-WV Metro Area"
},
{
  "MetroName": "Winfield KS Micro Area"
},
{
  "MetroName": "Winnemucca NV Micro Area"
},
{
  "MetroName": "Winona MN Micro Area"
},
{
  "MetroName": "Winston-Salem NC Metro Area"
},
{
  "MetroName": "Wisconsin Rapids-Marshfield WI Micro Area"
},
{
  "MetroName": "Woodward OK Micro Area"
},
{
  "MetroName": "Wooster OH Micro Area"
},
{
  "MetroName": "Worcester MA-CT Metro Area"
},
{
  "MetroName": "Worthington MN Micro Area"
},
{
  "MetroName": "Yakima WA Metro Area"
},
{
  "MetroName": "Yankton SD Micro Area"
},
{
  "MetroName": "York-Hanover PA Metro Area"
},
{
  "MetroName": "Youngstown-Warren-Boardman OH-PA Metro Area"
},
{
  "MetroName": "Yuba City CA Metro Area"
},
{
  "MetroName": "Yuma AZ Metro Area"
},
{
  "MetroName": "Zanesville OH Micro Area"
},
{
  "MetroName": "Zapata TX Micro Area"
}]